stock_id,stock_name,market,close,change,volume,turnover,date
0050,元大台灣50,TWSE,112.05,0.75,60951975.0,6863160831.0,2026-10-01
0051,元大中型100,TWSE,149.05,2.15,61482.0,9135358.0,2026-10-01
0052,富邦科技,TWSE,65.45,0.5,17975548.0,1180675733.0,2026-10-01
0053,元大電子,TWSE,252.05,1.25,209342.0,53150000.0,2026-10-01
0055,元大MSCI金融,TWSE,49.27,0.06,1341348.0,66191454.0,2026-10-01
0056,元大高股息,TWSE,56.95,0.4,31983738.0,1822284578.0,2026-10-01
0057,富邦摩台,TWSE,333.45,1.7,14480.0,4849895.0,2026-10-01
0061,元大寶滬深,TWSE,23.25,-0.09,83401.0,1943627.0,2026-10-01
1101,台泥,TWSE,26.3,1.0,104957435.0,2745271403.0,2026-10-01
1102,亞泥,TWSE,35.8,0.5,6224968.0,221842889.0,2026-10-01
1103,嘉泥,TWSE,13.2,0.2,573331.0,7515709.0,2026-10-01
1104,環泥,TWSE,26.7,0.15,320855.0,8561414.0,2026-10-01
1108,幸福,TWSE,11.15,0.15,142436.0,1585889.0,2026-10-01
1109,信大,TWSE,13.35,0.05,341349.0,4548738.0,2026-10-01
1110,東泥,TWSE,14.65,0.3,229386.0,3321339.0,2026-10-01
1201,味全,TWSE,11.65,0.15,693645.0,8040725.0,2026-10-01
1203,味王,TWSE,43.7,0.4,25825.0,1127344.0,2026-10-01
1210,大成,TWSE,52.0,0.4,1146249.0,59368792.0,2026-10-01
1213,大飲,TWSE,7.47,0.18,5100.0,37285.0,2026-10-01
1215,卜蜂,TWSE,105.0,-0.5,440336.0,46255881.0,2026-10-01
1216,統一,TWSE,74.2,0.3,6953647.0,515613194.0,2026-10-01
1217,愛之味,TWSE,9.95,0.05,364373.0,3620501.0,2026-10-01
1218,泰山,TWSE,14.6,0.15,490161.0,7118127.0,2026-10-01
1219,福壽,TWSE,11.45,0.1,135251.0,1540968.0,2026-10-01
1220,台榮,TWSE,10.85,0.1,35150.0,380533.0,2026-10-01
1225,福懋油,TWSE,24.55,0.15,37924.0,939682.0,2026-10-01
1227,佳格,TWSE,28.1,0.1,505728.0,14187915.0,2026-10-01
1229,聯華,TWSE,39.9,0.35,1909872.0,76317317.0,2026-10-01
1231,聯華食,TWSE,79.6,0.0,234157.0,18626050.0,2026-10-01
1232,大統益,TWSE,153.5,-0.5,69908.0,10738630.0,2026-10-01
1233,天仁,TWSE,28.1,0.5,17097.0,478951.0,2026-10-01
1234,黑松,TWSE,33.0,0.1,74514.0,2454832.0,2026-10-01
1235,興泰,TWSE,33.15,0.3,41618.0,1393170.0,2026-10-01
1236,宏亞,TWSE,25.45,0.1,33518.0,846669.0,2026-10-01
1256,鮮活果汁-KY,TWSE,168.0,-0.5,59699.0,10001890.0,2026-10-01
1301,台塑,TWSE,68.1,3.5,52831958.0,3553622281.0,2026-10-01
1303,南亞,TWSE,255.5,8.5,123417554.0,31518363920.0,2026-10-01
1304,台聚,TWSE,12.65,0.35,3275499.0,41200291.0,2026-10-01
1305,華夏,TWSE,12.35,0.25,1620362.0,19924917.0,2026-10-01
1307,三芳,TWSE,31.5,0.65,831627.0,26022194.0,2026-10-01
1308,亞聚,TWSE,14.45,0.35,1215427.0,17397792.0,2026-10-01
1309,台達化,TWSE,13.95,0.3,1404303.0,19558668.0,2026-10-01
1310,台苯,TWSE,9.25,0.35,6433878.0,59119133.0,2026-10-01
1312,國喬,TWSE,15.0,0.55,15580635.0,231617392.0,2026-10-01
1313,聯成,TWSE,12.3,0.25,2318981.0,28440388.0,2026-10-01
1314,中石化,TWSE,9.0,0.26,85223275.0,760402367.0,2026-10-01
1315,達新,TWSE,68.8,0.7,34262.0,2352540.0,2026-10-01
1316,上曜,TWSE,10.7,0.25,1091176.0,11586566.0,2026-10-01
1319,東陽,TWSE,77.9,0.1,1448175.0,112711748.0,2026-10-01
1321,大洋,TWSE,32.4,0.05,76006.0,2446892.0,2026-10-01
1323,永裕,TWSE,21.45,0.25,59437.0,1264706.0,2026-10-01
1324,地球,TWSE,9.99,0.01,36984.0,369510.0,2026-10-01
1325,恆大,TWSE,25.9,0.35,216678.0,5588451.0,2026-10-01
1326,台化,TWSE,69.7,2.2,33017994.0,2291666298.0,2026-10-01
1337,再生-KY,TWSE,4.47,0.04,431397.0,1926264.0,2026-10-01
1338,廣華-KY,TWSE,15.6,0.85,392221.0,6070211.0,2026-10-01
1339,昭輝,TWSE,42.35,0.05,56093.0,2373780.0,2026-10-01
1340,勝悅-KY,TWSE,5.24,0.03,190565.0,997926.0,2026-10-01
1341,富林-KY,TWSE,59.9,0.0,2302.0,138080.0,2026-10-01
1342,八貫,TWSE,100.0,-1.0,135099.0,13505601.0,2026-10-01
1402,遠東新,TWSE,28.25,0.5,7103613.0,199993142.0,2026-10-01
1409,新纖,TWSE,24.9,0.55,14204556.0,350948045.0,2026-10-01
1410,南染,TWSE,24.1,0.0,67802.0,1637076.0,2026-10-01
1413,宏洲,TWSE,9.22,0.14,36968.0,338952.0,2026-10-01
1414,東和,TWSE,17.65,0.15,162007.0,2836671.0,2026-10-01
1416,廣豐,TWSE,11.45,0.1,61565.0,704587.0,2026-10-01
1417,嘉裕,TWSE,8.14,0.1,204181.0,1655036.0,2026-10-01
1418,東華,TWSE,18.35,0.05,45014.0,827102.0,2026-10-01
1419,新紡,TWSE,66.1,0.5,40647.0,2677210.0,2026-10-01
1423,利華,TWSE,36.0,1.65,19091.0,670176.0,2026-10-01
1432,大魯閣,TWSE,15.0,0.05,77492.0,1159935.0,2026-10-01
1434,福懋,TWSE,18.15,0.15,1720461.0,31166739.0,2026-10-01
1435,中福,TWSE,22.4,0.65,7893.0,176243.0,2026-10-01
1436,華友聯,TWSE,35.7,0.2,121863.0,4328903.0,2026-10-01
1437,勤益控,TWSE,31.85,0.0,297005.0,9494748.0,2026-10-01
1438,三地開發,TWSE,21.15,0.0,155431.0,3279576.0,2026-10-01
1439,雋揚,TWSE,28.9,0.75,91000.0,2622250.0,2026-10-01
1440,南紡,TWSE,13.65,0.35,3288885.0,44491532.0,2026-10-01
1441,大東,TWSE,10.0,-0.15,94731.0,952209.0,2026-10-01
1442,名軒,TWSE,27.2,0.3,597660.0,16181979.0,2026-10-01
1443,立益物流,TWSE,23.45,0.45,15618.0,362467.0,2026-10-01
1444,力麗,TWSE,7.12,0.18,3209953.0,22820957.0,2026-10-01
1445,大宇,TWSE,10.1,0.1,57497.0,578068.0,2026-10-01
1446,宏和,TWSE,13.4,0.05,226998.0,3032924.0,2026-10-01
1447,力鵬,TWSE,6.77,0.27,2189075.0,14753694.0,2026-10-01
1449,佳和,TWSE,12.5,0.15,288196.0,3579318.0,2026-10-01
1451,年興,TWSE,17.0,0.1,83975.0,1419747.0,2026-10-01
1452,宏益,TWSE,10.8,0.1,49014.0,527591.0,2026-10-01
1453,大將,TWSE,10.9,0.1,25495.0,277452.0,2026-10-01
1454,台富,TWSE,12.2,0.05,20501.0,251371.0,2026-10-01
1455,集盛,TWSE,9.94,0.26,813294.0,8034862.0,2026-10-01
1456,怡華,TWSE,14.65,0.05,70560.0,1022914.0,2026-10-01
1457,宜進,TWSE,14.4,0.1,53751.0,772314.0,2026-10-01
1459,聯發,TWSE,16.7,0.7,356148.0,5842490.0,2026-10-01
1460,宏遠,TWSE,6.26,0.02,421176.0,2639242.0,2026-10-01
1463,強盛新,TWSE,17.5,-0.05,34041.0,596007.0,2026-10-01
1464,得力,TWSE,9.98,0.04,294368.0,2933477.0,2026-10-01
1465,偉全,TWSE,11.65,0.1,33443.0,388477.0,2026-10-01
1466,聚隆,TWSE,14.85,0.0,179670.0,2650330.0,2026-10-01
1467,南緯,TWSE,8.03,0.0,150421.0,1208622.0,2026-10-01
1468,昶和,TWSE,13.5,0.35,79041.0,1034937.0,2026-10-01
1470,大統新創,TWSE,24.15,0.7,60030.0,1439972.0,2026-10-01
1471,首利,TWSE,9.46,0.16,258382.0,2434429.0,2026-10-01
1472,三洋實業,TWSE,88.8,0.7,81515.0,7230171.0,2026-10-01
1473,台南,TWSE,19.25,-0.05,121246.0,2340002.0,2026-10-01
1474,弘裕,TWSE,10.05,0.0,80549.0,808089.0,2026-10-01
1475,業旺,TWSE,26.0,0.2,7010.0,182560.0,2026-10-01
1476,儒鴻,TWSE,274.0,1.0,1501297.0,409478599.0,2026-10-01
1477,聚陽,TWSE,192.0,2.0,1246992.0,238477930.0,2026-10-01
1503,士電,TWSE,197.5,3.5,779812.0,153848304.0,2026-10-01
1504,東元,TWSE,69.1,0.6,4881465.0,337910377.0,2026-10-01
1506,正道,TWSE,9.53,-0.04,354064.0,3374833.0,2026-10-01
1512,瑞利,TWSE,6.11,-0.01,47461.0,289846.0,2026-10-01
1513,中興電,TWSE,168.0,1.0,2911349.0,490048561.0,2026-10-01
1514,亞力,TWSE,102.5,0.5,669400.0,68804312.0,2026-10-01
1515,力山,TWSE,29.8,0.5,463662.0,13777561.0,2026-10-01
1516,川飛,TWSE,13.7,0.2,16626.0,222376.0,2026-10-01
1517,利奇,TWSE,10.5,0.15,200511.0,2095408.0,2026-10-01
1519,華城,TWSE,693.0,5.0,1201359.0,837416537.0,2026-10-01
1521,大億,TWSE,25.6,0.05,29104.0,750761.0,2026-10-01
1522,堤維西,TWSE,26.8,0.25,293420.0,7828933.0,2026-10-01
1524,耿鼎,TWSE,26.1,0.25,231553.0,6020987.0,2026-10-01
1525,江申,TWSE,63.7,0.0,7106.0,453678.0,2026-10-01
1526,日馳,TWSE,15.05,0.5,131514.0,1960442.0,2026-10-01
1527,鑽全,TWSE,32.7,0.1,77100.0,2517866.0,2026-10-01
1528,恩德,TWSE,25.85,0.35,6869318.0,178155702.0,2026-10-01
1529,樂事綠能,TWSE,15.95,0.5,1020769.0,16325160.0,2026-10-01
1530,亞崴,TWSE,26.8,0.35,16544.0,442462.0,2026-10-01
1531,高林股,TWSE,11.65,0.05,56069.0,654498.0,2026-10-01
1532,勤美,TWSE,22.3,0.2,309452.0,6890101.0,2026-10-01
1533,車王電,TWSE,30.3,-0.1,127079.0,3854994.0,2026-10-01
1535,中宇,TWSE,45.8,0.25,46672.0,2133411.0,2026-10-01
1536,和大,TWSE,46.9,0.35,461528.0,21581382.0,2026-10-01
1537,廣隆,TWSE,115.0,-0.5,131686.0,15126444.0,2026-10-01
1538,正峰,TWSE,7.48,0.0,15937.0,119261.0,2026-10-01
1539,巨庭,TWSE,15.45,0.0,18001.0,279115.0,2026-10-01
1540,喬福,TWSE,19.3,-0.05,174910.0,3381139.0,2026-10-01
1541,錩泰,TWSE,20.9,-0.1,5007.0,104945.0,2026-10-01
1558,伸興,TWSE,112.5,-1.5,71838.0,8066275.0,2026-10-01
1560,中砂,TWSE,963.0,7.0,1307523.0,1258051165.0,2026-10-01
1563,巧新,TWSE,75.6,-0.5,236232.0,18010368.0,2026-10-01
1568,倉佑,TWSE,32.8,0.4,483918.0,15820585.0,2026-10-01
1582,信錦,TWSE,71.9,1.8,409247.0,29358166.0,2026-10-01
1583,程泰,TWSE,46.8,-0.15,11000.0,515750.0,2026-10-01
1587,吉茂,TWSE,24.45,0.6,185100.0,4448982.0,2026-10-01
1590,亞德客-KY,TWSE,1200.0,-10.0,1005155.0,1210975065.0,2026-10-01
1597,直得,TWSE,146.5,0.0,3566141.0,532058218.0,2026-10-01
1598,岱宇,TWSE,20.5,0.2,104908.0,2142239.0,2026-10-01
1603,華電,TWSE,30.6,0.55,256741.0,7810297.0,2026-10-01
1604,聲寶,TWSE,23.45,0.15,132639.0,3105290.0,2026-10-01
1605,華新,TWSE,38.4,2.05,42069458.0,1596464883.0,2026-10-01
1608,華榮,TWSE,36.25,1.05,2427498.0,87639904.0,2026-10-01
1609,大亞,TWSE,38.75,0.25,4929151.0,190864179.0,2026-10-01
1611,中電,TWSE,11.55,0.2,756518.0,8697353.0,2026-10-01
1612,宏泰,TWSE,35.7,0.35,1257378.0,44797637.0,2026-10-01
1614,三洋電,TWSE,31.15,0.1,101924.0,3166516.0,2026-10-01
1615,大山,TWSE,42.95,0.35,96846.0,4142370.0,2026-10-01
1616,億泰,TWSE,18.65,0.35,193401.0,3588874.0,2026-10-01
1617,榮星,TWSE,24.05,2.15,6232917.0,147966674.0,2026-10-01
1618,合機,TWSE,38.95,0.6,276774.0,10724175.0,2026-10-01
1623,大東電,TWSE,200.5,2.5,51926.0,10428155.0,2026-10-01
1626,艾美特-KY,TWSE,9.6,0.0,36723.0,353593.0,2026-10-01
1702,南僑,TWSE,33.05,0.1,173534.0,5725507.0,2026-10-01
1707,葡萄王,TWSE,85.7,-0.2,271255.0,23312822.0,2026-10-01
1708,東鹼,TWSE,53.8,1.8,7804224.0,417147162.0,2026-10-01
1709,和益,TWSE,48.4,4.4,46895616.0,2202765145.0,2026-10-01
1710,東聯,TWSE,16.75,0.2,4001262.0,66923748.0,2026-10-01
1711,永光,TWSE,40.9,0.35,4703451.0,193258899.0,2026-10-01
1712,興農,TWSE,39.8,0.2,315842.0,12554724.0,2026-10-01
1713,國化,TWSE,42.45,0.65,341316.0,14380675.0,2026-10-01
1714,和桐,TWSE,16.5,0.75,12665645.0,207543015.0,2026-10-01
1717,長興,TWSE,74.0,1.5,11731553.0,872119572.0,2026-10-01
1718,中纖,TWSE,10.85,0.3,16182557.0,174714222.0,2026-10-01
1720,生達,TWSE,56.3,0.2,92624.0,5193306.0,2026-10-01
1721,國慶科技,TWSE,26.45,0.35,3916189.0,102820356.0,2026-10-01
1722,台肥,TWSE,41.55,0.4,1760588.0,73084867.0,2026-10-01
1723,中碳,TWSE,80.7,0.7,381879.0,30876299.0,2026-10-01
1725,元禎,TWSE,34.15,0.15,36001.0,1227533.0,2026-10-01
1726,永記,TWSE,76.5,0.3,13203.0,1008528.0,2026-10-01
1727,中華化,TWSE,109.0,-9.5,29883184.0,3312272306.0,2026-10-01
1730,花仙子,TWSE,51.2,0.0,33165.0,1698167.0,2026-10-01
1731,美吾華,TWSE,20.9,0.05,201621.0,4195247.0,2026-10-01
1732,毛寶,TWSE,26.15,0.2,181113.0,4725920.0,2026-10-01
1733,五鼎,TWSE,29.6,0.15,106719.0,3140197.0,2026-10-01
1734,杏輝,TWSE,32.1,0.0,107102.0,3419761.0,2026-10-01
1735,日勝化,TWSE,20.2,0.15,31602.0,641341.0,2026-10-01
1736,喬山,TWSE,128.5,0.5,270466.0,34826036.0,2026-10-01
1737,臺鹽,TWSE,30.05,0.1,150145.0,4506844.0,2026-10-01
1752,南光,TWSE,31.5,0.15,27600.0,868741.0,2026-10-01
1760,寶齡富錦,TWSE,54.6,0.7,105446.0,5736477.0,2026-10-01
1762,中化生,TWSE,34.35,0.65,51529.0,1756948.0,2026-10-01
1773,勝一,TWSE,167.5,0.0,1291274.0,218880434.0,2026-10-01
1776,展宇,TWSE,18.15,-0.05,27010.0,489881.0,2026-10-01
1783,和康生,TWSE,37.25,0.6,72471.0,2686046.0,2026-10-01
1786,科妍,TWSE,43.3,0.65,150930.0,6535078.0,2026-10-01
1789,神隆,TWSE,18.95,0.4,344088.0,6490620.0,2026-10-01
1795,美時,TWSE,179.0,1.5,733951.0,131049675.0,2026-10-01
1802,台玻,TWSE,59.9,2.3,23784387.0,1411506215.0,2026-10-01
1805,寶徠,TWSE,10.05,0.0,129495.0,1298841.0,2026-10-01
1806,冠軍,TWSE,8.0,0.06,151784.0,1209878.0,2026-10-01
1808,潤隆,TWSE,31.65,0.05,690982.0,21789190.0,2026-10-01
1809,中釉,TWSE,47.85,2.85,19478355.0,916061919.0,2026-10-01
1810,和成,TWSE,24.45,0.75,2605886.0,63308227.0,2026-10-01
1817,凱撒衛,TWSE,39.85,0.0,30163.0,1202745.0,2026-10-01
1903,士紙,TWSE,47.8,0.8,78429.0,3725030.0,2026-10-01
1904,正隆,TWSE,24.6,0.35,1196699.0,29407363.0,2026-10-01
1905,華紙,TWSE,13.05,0.2,2106374.0,27470921.0,2026-10-01
1906,寶隆,TWSE,10.9,0.1,68443.0,741942.0,2026-10-01
1907,永豐餘,TWSE,28.4,0.5,732317.0,20718524.0,2026-10-01
1909,榮成,TWSE,10.3,0.25,2014017.0,20593600.0,2026-10-01
2002,中鋼,TWSE,19.2,0.4,90608564.0,1732565446.0,2026-10-01
2006,東和鋼鐵,TWSE,85.4,0.0,2294770.0,195683157.0,2026-10-01
2007,燁興,TWSE,7.0,0.1,300167.0,2100509.0,2026-10-01
2008,高興昌,TWSE,31.1,0.6,14409.0,444115.0,2026-10-01
2009,第一銅,TWSE,40.0,0.85,2129405.0,85060357.0,2026-10-01
2010,春源,TWSE,23.0,0.55,2630914.0,60357643.0,2026-10-01
2012,春雨,TWSE,14.4,0.25,83056.0,1185543.0,2026-10-01
2013,中鋼構,TWSE,41.6,0.4,65633.0,2727507.0,2026-10-01
2014,中鴻,TWSE,17.4,0.6,6303314.0,108509102.0,2026-10-01
2015,豐興,TWSE,64.2,1.1,269520.0,17233438.0,2026-10-01
2017,官田鋼,TWSE,9.13,0.21,971752.0,8902753.0,2026-10-01
2020,美亞,TWSE,26.7,2.4,5306101.0,141671746.0,2026-10-01
2022,聚亨,TWSE,7.33,0.03,198729.0,1452137.0,2026-10-01
2023,燁輝,TWSE,13.75,0.2,1279312.0,17593266.0,2026-10-01
2024,志聯,TWSE,12.9,0.15,12230.0,156698.0,2026-10-01
2025,千興,TWSE,14.65,1.3,4961003.0,71495832.0,2026-10-01
2027,大成鋼,TWSE,47.45,0.3,9157975.0,436456867.0,2026-10-01
2028,威致,TWSE,17.15,0.55,453189.0,7686926.0,2026-10-01
2029,盛餘,TWSE,22.45,0.3,947984.0,21332958.0,2026-10-01
2030,彰源,TWSE,36.7,3.3,19477677.0,712895096.0,2026-10-01
2031,新光鋼,TWSE,46.5,0.8,1042897.0,48296063.0,2026-10-01
2032,新鋼,TWSE,20.3,0.4,8296361.0,168330494.0,2026-10-01
2033,佳大,TWSE,42.35,3.85,3593142.0,147101981.0,2026-10-01
2034,允強,TWSE,24.8,1.4,18962893.0,464618320.0,2026-10-01
2038,海光,TWSE,13.2,0.55,747233.0,9767977.0,2026-10-01
2049,上銀,TWSE,335.0,-0.5,1637089.0,551876993.0,2026-10-01
2059,川湖,TWSE,12055.0,-60.0,375310.0,4620281775.0,2026-10-01
2062,橋椿,TWSE,18.05,0.05,51090.0,925268.0,2026-10-01
2069,運錩,TWSE,26.7,0.2,2227220.0,59695010.0,2026-10-01
2072,世紀風電,TWSE,131.5,0.0,123671.0,16278663.0,2026-10-01
2101,南港,TWSE,29.9,0.1,1676417.0,50062676.0,2026-10-01
2102,泰豐,TWSE,16.55,0.25,224249.0,3702246.0,2026-10-01
2103,台橡,TWSE,28.15,0.75,2618484.0,73205165.0,2026-10-01
2104,國際中橡,TWSE,11.15,0.45,5196783.0,57307259.0,2026-10-01
2105,正新,TWSE,30.65,0.55,5030299.0,153368853.0,2026-10-01
2106,建大,TWSE,16.65,0.2,533046.0,8835403.0,2026-10-01
2107,厚生,TWSE,27.0,0.2,272160.0,7343087.0,2026-10-01
2108,南帝,TWSE,28.75,0.55,340904.0,9727294.0,2026-10-01
2109,華豐,TWSE,14.4,0.05,166561.0,2380788.0,2026-10-01
2114,鑫永銓,TWSE,89.9,0.2,16450.0,1475854.0,2026-10-01
2115,六暉-KY,TWSE,23.9,0.2,87805.0,2087700.0,2026-10-01
2201,裕隆,TWSE,29.25,0.05,2067671.0,60518090.0,2026-10-01
2204,中華,TWSE,52.3,0.3,446380.0,23320902.0,2026-10-01
2206,三陽工業,TWSE,62.1,-0.4,760246.0,47369629.0,2026-10-01
2207,和泰車,TWSE,509.0,3.0,332322.0,169526048.0,2026-10-01
2208,台船,TWSE,19.15,0.05,2008362.0,38469552.0,2026-10-01
2211,長榮鋼,TWSE,79.7,0.9,534048.0,42468660.0,2026-10-01
2227,裕日車,TWSE,45.0,0.25,36377.0,1632841.0,2026-10-01
2228,劍麟,TWSE,74.8,-0.2,56671.0,4250323.0,2026-10-01
2231,為升,TWSE,94.7,2.7,242159.0,22585416.0,2026-10-01
2233,宇隆,TWSE,167.0,-1.0,695280.0,116821053.0,2026-10-01
2236,百達-KY,TWSE,109.5,2.5,233695.0,25266042.0,2026-10-01
2237,華德動能-創,TWSE,26.75,-0.15,108531.0,2915070.0,2026-10-01
2239,英利-KY,TWSE,18.95,0.15,53001.0,998718.0,2026-10-01
2241,艾姆勒,TWSE,46.15,2.15,8099138.0,373668408.0,2026-10-01
2243,宏旭-KY,TWSE,52.6,2.1,254061.0,13229773.0,2026-10-01
2247,汎德永業,TWSE,224.5,1.5,73412.0,16412103.0,2026-10-01
2248,華勝-KY,TWSE,61.3,-0.2,21020.0,1288822.0,2026-10-01
2250,IKKA-KY,TWSE,57.0,0.2,122177.0,6960728.0,2026-10-01
2254,巨鎧精密-創,TWSE,92.6,0.8,2109236.0,195392528.0,2026-10-01
2258,鴻華先進-創,TWSE,32.0,1.05,866835.0,27426499.0,2026-10-01
2301,光寶科,TWSE,279.5,-1.5,12833072.0,3609018227.0,2026-10-01
2302,麗正,TWSE,45.0,-0.3,2760078.0,125362382.0,2026-10-01
2303,聯電,TWSE,154.5,1.0,102405360.0,16015869276.0,2026-10-01
2305,全友,TWSE,68.7,-0.4,6402746.0,448573745.0,2026-10-01
2308,台達電,TWSE,1890.0,55.0,11094898.0,21131265412.0,2026-10-01
2312,金寶,TWSE,31.25,0.55,6465397.0,201671175.0,2026-10-01
2313,華通,TWSE,226.5,0.5,12970500.0,2939761765.0,2026-10-01
2314,台揚,TWSE,11.2,0.15,89891.0,1003496.0,2026-10-01
2316,楠梓電,TWSE,166.0,4.0,1637974.0,270691475.0,2026-10-01
2317,鴻海,TWSE,251.5,1.0,27366648.0,6907802068.0,2026-10-01
2321,東訊,TWSE,24.3,-0.7,3840.0,94816.0,2026-10-01
2323,中環,TWSE,11.0,0.3,14064496.0,154700698.0,2026-10-01
2324,仁寶,TWSE,37.1,1.05,46326977.0,1723349078.0,2026-10-01
2327,國巨*,TWSE,548.0,0.0,25009393.0,13857054263.0,2026-10-01
2328,廣宇,TWSE,47.55,0.55,1592348.0,75854133.0,2026-10-01
2329,華泰,TWSE,44.8,1.0,3783130.0,169225163.0,2026-10-01
2330,台積電,TWSE,2480.0,5.0,34282491.0,85388527300.0,2026-10-01
2331,精英,TWSE,19.2,0.5,1099713.0,20930593.0,2026-10-01
2332,友訊,TWSE,20.6,0.5,8101037.0,165424018.0,2026-10-01
2337,旺宏,TWSE,122.5,4.0,31932411.0,3882431198.0,2026-10-01
2338,光罩,TWSE,47.3,0.2,2755701.0,130954464.0,2026-10-01
2340,台亞,TWSE,40.8,2.8,34478123.0,1363754374.0,2026-10-01
2342,茂矽,TWSE,50.3,0.2,14272757.0,711625139.0,2026-10-01
2344,華邦電,TWSE,179.5,5.5,85028121.0,15095910819.0,2026-10-01
2345,智邦,TWSE,1775.0,-35.0,7123574.0,12726527295.0,2026-10-01
2347,聯強,TWSE,94.9,0.4,3253120.0,308915437.0,2026-10-01
2348,海悅,TWSE,70.6,0.1,207657.0,14633792.0,2026-10-01
2349,錸德,TWSE,10.7,0.3,5431197.0,57892542.0,2026-10-01
2351,順德,TWSE,209.0,-6.5,6834221.0,1432735415.0,2026-10-01
2352,佳世達,TWSE,29.65,0.65,5731705.0,169925233.0,2026-10-01
2353,宏碁,TWSE,31.65,0.25,10089843.0,319968178.0,2026-10-01
2354,鴻準,TWSE,65.7,0.6,8525278.0,562518930.0,2026-10-01
2355,敬鵬,TWSE,41.8,0.2,1399726.0,58608805.0,2026-10-01
2356,英業達,TWSE,59.5,0.3,11590267.0,692468599.0,2026-10-01
2357,華碩,TWSE,961.0,-2.0,2057274.0,1981556636.0,2026-10-01
2359,所羅門,TWSE,128.5,0.0,1004251.0,129299998.0,2026-10-01
2360,致茂,TWSE,2135.0,-50.0,2716984.0,5929036488.0,2026-10-01
2362,藍天,TWSE,46.9,0.2,457594.0,21489542.0,2026-10-01
2363,矽統,TWSE,59.1,-0.1,7012027.0,415353094.0,2026-10-01
2364,倫飛,TWSE,65.0,0.1,74242.0,4823029.0,2026-10-01
2365,昆盈,TWSE,28.35,0.25,741030.0,20892100.0,2026-10-01
2367,燿華,TWSE,43.55,1.3,4608523.0,198635676.0,2026-10-01
2368,金像電,TWSE,1120.0,0.0,19360258.0,21537635580.0,2026-10-01
2369,菱生,TWSE,32.15,0.55,5052431.0,162294774.0,2026-10-01
2371,大同,TWSE,30.45,1.1,25702091.0,776908862.0,2026-10-01
2373,震旦行,TWSE,52.9,0.4,26281.0,1386090.0,2026-10-01
2374,佳能,TWSE,67.2,1.0,1452171.0,97307325.0,2026-10-01
2375,凱美,TWSE,118.0,0.5,1118973.0,132590097.0,2026-10-01
2376,技嘉,TWSE,358.5,-3.5,4868638.0,1767427166.0,2026-10-01
2377,微星,TWSE,151.0,0.0,3325440.0,504317523.0,2026-10-01
2379,瑞昱,TWSE,760.0,0.0,2067727.0,1572457961.0,2026-10-01
2380,虹光,TWSE,17.0,0.45,84939.0,1435791.0,2026-10-01
2382,廣達,TWSE,333.5,-3.0,12063193.0,4049755007.0,2026-10-01
2383,台光電,TWSE,4935.0,15.0,1549084.0,7715507295.0,2026-10-01
2385,群光,TWSE,104.5,0.0,2617470.0,273957320.0,2026-10-01
2387,精元,TWSE,36.45,0.2,178317.0,6493394.0,2026-10-01
2388,威盛,TWSE,73.0,1.8,2586687.0,187581148.0,2026-10-01
2390,云辰,TWSE,10.3,0.1,296395.0,3037806.0,2026-10-01
2392,正崴,TWSE,41.6,0.75,2838358.0,117794238.0,2026-10-01
2393,億光,TWSE,64.5,0.9,1624941.0,104514776.0,2026-10-01
2395,研華,TWSE,726.0,-4.0,2193924.0,1605736089.0,2026-10-01
2397,友通,TWSE,63.0,0.0,104686.0,6597336.0,2026-10-01
2399,映泰,TWSE,48.95,-0.25,4266570.0,210314488.0,2026-10-01
2401,凌陽,TWSE,26.75,0.7,4146961.0,110281372.0,2026-10-01
2402,毅嘉,TWSE,58.5,1.6,3323935.0,194703978.0,2026-10-01
2404,漢唐,TWSE,1290.0,70.0,3585103.0,4594077710.0,2026-10-01
2405,輔信,TWSE,15.25,0.1,1249040.0,19171010.0,2026-10-01
2406,國碩,TWSE,31.45,1.15,18980568.0,598238708.0,2026-10-01
2408,南亞科,TWSE,519.0,13.0,40070207.0,20619314967.0,2026-10-01
2409,友達,TWSE,38.55,3.5,432086519.0,16307234372.0,2026-10-01
2412,中華電,TWSE,143.5,-0.5,10607859.0,1524028999.0,2026-10-01
2413,環科,TWSE,51.4,0.4,1359582.0,70000656.0,2026-10-01
2414,精技,TWSE,53.3,0.2,84155.0,4472957.0,2026-10-01
2415,錩新,TWSE,27.2,-0.05,97264.0,2652239.0,2026-10-01
2417,圓剛,TWSE,39.3,0.6,300977.0,11765591.0,2026-10-01
2419,仲琦,TWSE,29.7,0.7,1515464.0,44774945.0,2026-10-01
2420,新巨,TWSE,55.0,1.1,290433.0,15876163.0,2026-10-01
2421,建準,TWSE,160.5,-3.0,2575748.0,415478432.0,2026-10-01
2423,固緯,TWSE,72.1,0.1,156525.0,11253524.0,2026-10-01
2424,隴華,TWSE,8.3,0.18,21000.0,175510.0,2026-10-01
2425,承啟,TWSE,37.5,0.05,379607.0,14273704.0,2026-10-01
2426,鼎元,TWSE,104.0,4.2,65671370.0,6846364995.0,2026-10-01
2427,三商電,TWSE,23.35,0.1,674941.0,15756308.0,2026-10-01
2428,興勤,TWSE,251.5,0.0,437048.0,110280359.0,2026-10-01
2429,銘旺科,TWSE,30.95,0.3,509815.0,15583650.0,2026-10-01
2430,燦坤,TWSE,18.25,0.15,64269.0,1166841.0,2026-10-01
2431,聯昌,TWSE,10.15,0.15,80852.0,815530.0,2026-10-01
2432,倚天酷碁-創,TWSE,27.65,0.0,3000.0,82950.0,2026-10-01
2433,互盛電,TWSE,40.45,0.45,32175.0,1289547.0,2026-10-01
2434,統懋,TWSE,65.4,0.6,837812.0,55703148.0,2026-10-01
2436,偉詮電,TWSE,74.5,-1.4,9601609.0,721270009.0,2026-10-01
2438,翔耀,TWSE,19.9,0.2,91740.0,1834618.0,2026-10-01
2439,美律,TWSE,77.3,-0.8,1996651.0,155001183.0,2026-10-01
2440,太空梭,TWSE,14.4,0.25,230906.0,3303646.0,2026-10-01
2441,超豐,TWSE,125.5,3.5,4050745.0,508559601.0,2026-10-01
2442,新美齊,TWSE,14.4,0.05,527504.0,7599796.0,2026-10-01
2444,兆勁,TWSE,15.9,0.85,3239205.0,51608064.0,2026-10-01
2449,京元電子,TWSE,294.5,0.0,24039103.0,7170101060.0,2026-10-01
2450,神腦,TWSE,28.2,0.0,67908.0,1917351.0,2026-10-01
2451,創見,TWSE,289.0,3.0,2749434.0,795649725.0,2026-10-01
2453,凌群,TWSE,53.6,0.1,155714.0,8359388.0,2026-10-01
2454,聯發科,TWSE,4920.0,10.0,8292336.0,41454142305.0,2026-10-01
2455,全新,TWSE,552.0,9.0,1395143.0,770995682.0,2026-10-01
2457,飛宏,TWSE,22.55,0.8,1577143.0,35268611.0,2026-10-01
2458,義隆,TWSE,137.5,1.5,1489305.0,203637981.0,2026-10-01
2459,敦吉,TWSE,65.0,0.1,89452.0,5806440.0,2026-10-01
2460,建通,TWSE,30.55,0.7,291976.0,8842001.0,2026-10-01
2461,光群雷,TWSE,17.85,0.45,749481.0,13242397.0,2026-10-01
2462,良得電,TWSE,19.95,0.1,84776.0,1685488.0,2026-10-01
2464,盟立,TWSE,192.5,0.5,8431839.0,1634668497.0,2026-10-01
2465,麗臺,TWSE,91.2,-0.7,1236989.0,113827895.0,2026-10-01
2466,冠西電,TWSE,124.5,11.0,3211857.0,396394077.0,2026-10-01
2467,志聖,TWSE,539.0,-5.0,1037845.0,570479050.0,2026-10-01
2468,華經,TWSE,45.5,-0.55,817306.0,37377962.0,2026-10-01
2471,資通,TWSE,51.8,0.5,153886.0,7953763.0,2026-10-01
2472,立隆電,TWSE,213.5,0.5,1051547.0,225589772.0,2026-10-01
2474,可成,TWSE,206.5,1.0,1471237.0,303617672.0,2026-10-01
2476,鉅祥,TWSE,123.5,-1.0,596238.0,73965225.0,2026-10-01
2477,美隆電,TWSE,23.15,0.05,138152.0,3197894.0,2026-10-01
2478,大毅,TWSE,120.0,2.5,985080.0,117944323.0,2026-10-01
2480,敦陽科,TWSE,160.0,0.5,94728.0,15136064.0,2026-10-01
2481,強茂,TWSE,172.0,-3.5,28472274.0,4921288678.0,2026-10-01
2482,連宇,TWSE,16.45,0.1,131185.0,2157981.0,2026-10-01
2483,百容,TWSE,35.75,3.25,1702959.0,59644508.0,2026-10-01
2484,希華,TWSE,78.0,1.1,23947173.0,1872496771.0,2026-10-01
2485,兆赫,TWSE,41.7,1.95,4139983.0,170283455.0,2026-10-01
2486,一詮,TWSE,240.0,3.0,3719747.0,891214181.0,2026-10-01
2488,漢平,TWSE,48.85,0.15,71337.0,3491668.0,2026-10-01
2489,瑞軒,TWSE,41.8,0.7,23864644.0,998583369.0,2026-10-01
2491,吉祥全,TWSE,40.8,0.6,623561.0,25579392.0,2026-10-01
2492,華新科,TWSE,299.5,-2.5,18146633.0,5460393834.0,2026-10-01
2493,揚博,TWSE,197.5,1.5,1606105.0,318486994.0,2026-10-01
2495,普安,TWSE,39.05,0.1,974342.0,38147557.0,2026-10-01
2496,卓越,TWSE,55.0,-0.1,14052.0,771269.0,2026-10-01
2497,怡利電,TWSE,44.35,0.75,240102.0,10695498.0,2026-10-01
2498,宏達電,TWSE,42.9,-0.1,13288766.0,577086422.0,2026-10-01
2501,國建,TWSE,21.1,-0.05,3115570.0,65946960.0,2026-10-01
2504,國產,TWSE,30.65,0.1,1251684.0,38301511.0,2026-10-01
2505,國揚,TWSE,17.0,0.05,398504.0,6772485.0,2026-10-01
2506,太設,TWSE,8.43,0.02,85550.0,719625.0,2026-10-01
2509,全坤建,TWSE,14.3,0.25,30901.0,439410.0,2026-10-01
2511,太子,TWSE,8.34,0.02,545474.0,4539962.0,2026-10-01
2514,龍邦,TWSE,11.7,0.3,67416.0,783851.0,2026-10-01
2515,中工,TWSE,11.9,0.1,3359728.0,40064634.0,2026-10-01
2516,新建,TWSE,15.35,0.45,174965.0,2677225.0,2026-10-01
2520,冠德,TWSE,36.5,-0.5,1750284.0,64169860.0,2026-10-01
2524,京城,TWSE,34.7,0.45,54715.0,1889141.0,2026-10-01
2527,宏璟,TWSE,50.0,1.65,1603695.0,79922644.0,2026-10-01
2528,皇普,TWSE,19.4,0.1,164650.0,3191612.0,2026-10-01
2530,華建,TWSE,20.05,-0.05,541805.0,10861633.0,2026-10-01
2534,宏盛,TWSE,16.95,0.05,283189.0,4759584.0,2026-10-01
2535,達欣工,TWSE,89.2,0.1,138514.0,12356608.0,2026-10-01
2536,宏普,TWSE,19.15,0.0,464468.0,8892486.0,2026-10-01
2537,聯上發,TWSE,11.25,0.0,395251.0,4444414.0,2026-10-01
2538,基泰,TWSE,8.92,0.21,691830.0,6085802.0,2026-10-01
2539,櫻花建,TWSE,34.3,0.3,657424.0,22423265.0,2026-10-01
2540,愛山林,TWSE,48.45,0.85,291504.0,14036210.0,2026-10-01
2542,興富發,TWSE,38.65,0.05,12284297.0,471840556.0,2026-10-01
2543,皇昌,TWSE,38.5,0.35,832916.0,32088382.0,2026-10-01
2545,皇翔,TWSE,34.45,0.55,151207.0,5193329.0,2026-10-01
2546,根基,TWSE,105.0,-1.0,111421.0,11735716.0,2026-10-01
2547,日勝生,TWSE,9.79,-0.06,1404389.0,13795636.0,2026-10-01
2548,華固,TWSE,91.6,-0.6,1628153.0,149666365.0,2026-10-01
2597,潤弘,TWSE,168.0,1.0,161609.0,27183478.0,2026-10-01
2603,長榮,TWSE,239.5,1.5,4735702.0,1133165062.0,2026-10-01
2605,新興,TWSE,35.55,0.15,10034189.0,356046357.0,2026-10-01
2606,裕民,TWSE,73.6,0.2,2063214.0,151893823.0,2026-10-01
2607,榮運,TWSE,53.8,0.7,305124.0,16362626.0,2026-10-01
2608,嘉里大榮,TWSE,28.6,0.05,105210.0,3007504.0,2026-10-01
2609,陽明,TWSE,59.4,1.0,16623183.0,985377645.0,2026-10-01
2610,華航,TWSE,20.45,0.35,16977467.0,346194421.0,2026-10-01
2611,志信,TWSE,14.5,0.45,497762.0,7139191.0,2026-10-01
2612,中航,TWSE,61.8,1.0,288104.0,17687280.0,2026-10-01
2613,中櫃,TWSE,22.4,0.45,207361.0,4591411.0,2026-10-01
2614,東森,TWSE,19.2,0.35,1808945.0,34537552.0,2026-10-01
2615,萬海,TWSE,114.0,3.0,5251682.0,595453043.0,2026-10-01
2616,山隆,TWSE,13.3,0.1,62310.0,825957.0,2026-10-01
2617,台航,TWSE,31.45,0.2,570281.0,17862402.0,2026-10-01
2618,長榮航,TWSE,42.85,1.35,27537928.0,1176443791.0,2026-10-01
2630,亞航,TWSE,47.05,0.75,816616.0,38316812.0,2026-10-01
2633,台灣高鐵,TWSE,25.65,0.2,3377957.0,86874395.0,2026-10-01
2634,漢翔,TWSE,64.0,0.9,6006596.0,383586870.0,2026-10-01
2636,台驊控股,TWSE,71.7,1.3,323394.0,23087184.0,2026-10-01
2637,慧洋-KY,TWSE,96.4,1.4,1545010.0,149143670.0,2026-10-01
2642,宅配通,TWSE,20.4,0.1,37125.0,753339.0,2026-10-01
2645,長榮航太,TWSE,173.0,1.0,738475.0,128175180.0,2026-10-01
2646,星宇航空,TWSE,20.15,0.1,2874381.0,57843067.0,2026-10-01
2701,萬企,TWSE,10.3,0.05,47342.0,486568.0,2026-10-01
2702,華園,TWSE,12.25,-0.4,351887.0,4307246.0,2026-10-01
2704,國賓,TWSE,45.45,0.45,56258.0,2546050.0,2026-10-01
2705,六福,TWSE,15.1,0.05,107869.0,1629668.0,2026-10-01
2706,第一店,TWSE,12.2,0.1,41574.0,506238.0,2026-10-01
2707,晶華,TWSE,175.5,0.5,87939.0,15441551.0,2026-10-01
2712,遠雄來,TWSE,13.55,0.15,15156.0,204434.0,2026-10-01
2722,夏都,TWSE,21.4,0.2,29571.0,630616.0,2026-10-01
2723,美食-KY,TWSE,77.4,0.8,127865.0,9884500.0,2026-10-01
2727,王品,TWSE,236.0,1.0,287550.0,67288152.0,2026-10-01
2731,雄獅,TWSE,144.5,1.5,107592.0,15489416.0,2026-10-01
2739,寒舍,TWSE,36.55,0.3,46707.0,1696717.0,2026-10-01
2748,雲品,TWSE,38.8,0.1,48387.0,1871968.0,2026-10-01
2753,八方雲集,TWSE,180.0,1.0,145323.0,26125041.0,2026-10-01
2762,世界健身-KY,TWSE,79.2,0.2,28650.0,2272151.0,2026-10-01
2801,彰銀,TWSE,27.6,0.1,17386776.0,479975042.0,2026-10-01
2812,台中銀,TWSE,18.85,0.05,14055128.0,265348802.0,2026-10-01
2816,旺旺保,TWSE,40.3,0.45,142682.0,5730409.0,2026-10-01
2820,華票,TWSE,16.85,0.0,1915905.0,32315274.0,2026-10-01
2832,台產,TWSE,56.9,0.1,124358.0,7072897.0,2026-10-01
2834,臺企銀,TWSE,17.75,0.15,19394771.0,344419482.0,2026-10-01
2836,高雄銀,TWSE,12.1,0.1,594652.0,7187692.0,2026-10-01
2838,聯邦銀,TWSE,20.6,0.05,1921569.0,39645601.0,2026-10-01
2845,遠東銀,TWSE,13.1,0.0,7130250.0,93796007.0,2026-10-01
2849,安泰銀,TWSE,16.05,0.55,174179.0,2776535.0,2026-10-01
2850,新產,TWSE,163.0,2.0,1404165.0,228389065.0,2026-10-01
2851,中再保,TWSE,47.2,0.15,1080401.0,50894781.0,2026-10-01
2852,第一保,TWSE,27.85,0.15,145286.0,4039972.0,2026-10-01
2855,統一證,TWSE,56.6,1.1,5195072.0,293417187.0,2026-10-01
2880,華南金,TWSE,45.35,0.45,13559866.0,616547767.0,2026-10-01
2881,富邦金,TWSE,151.0,-0.5,11350421.0,1724333710.0,2026-10-01
2882,國泰金,TWSE,111.0,-0.5,22090817.0,2465098313.0,2026-10-01
2883,凱基金,TWSE,38.85,-0.1,34492869.0,1343812058.0,2026-10-01
2884,玉山金,TWSE,44.85,-0.05,30746754.0,1382100554.0,2026-10-01
2885,元大金,TWSE,68.5,-0.2,16759201.0,1151461438.0,2026-10-01
2886,兆豐金,TWSE,49.15,0.05,16038181.0,788776431.0,2026-10-01
2887,台新新光金,TWSE,41.95,0.15,34912298.0,1469904233.0,2026-10-01
2889,國票金,TWSE,16.5,0.1,6708250.0,110874596.0,2026-10-01
2890,永豐金,TWSE,44.25,0.35,18029307.0,799358599.0,2026-10-01
2891,中信金,TWSE,68.4,-0.3,26479156.0,1817598899.0,2026-10-01
2892,第一金,TWSE,38.65,0.05,29031962.0,1123113166.0,2026-10-01
2897,王道銀行,TWSE,10.9,-0.05,3869500.0,42321415.0,2026-10-01
2901,欣欣,TWSE,24.15,0.35,35495.0,857323.0,2026-10-01
2903,遠百,TWSE,22.15,0.25,1760740.0,38860336.0,2026-10-01
2904,匯僑,TWSE,12.6,0.0,29328.0,370247.0,2026-10-01
2905,三商,TWSE,18.3,0.3,770644.0,14057198.0,2026-10-01
2906,高林,TWSE,13.4,0.1,79256.0,1056598.0,2026-10-01
2908,特力,TWSE,22.05,0.35,256712.0,5629011.0,2026-10-01
2910,統領,TWSE,23.6,0.5,33005.0,775268.0,2026-10-01
2911,麗嬰房,TWSE,6.08,0.05,111425.0,673467.0,2026-10-01
2912,統一超,TWSE,212.5,0.5,1661585.0,353129823.0,2026-10-01
2913,農林,TWSE,11.15,0.15,883050.0,9784260.0,2026-10-01
2915,潤泰全,TWSE,58.8,0.3,1295830.0,76292360.0,2026-10-01
2923,鼎固-KY,TWSE,25.45,1.55,152576.0,3850704.0,2026-10-01
2929,淘帝-KY,TWSE,5.83,0.02,81468.0,475154.0,2026-10-01
2939,永邑-KY,TWSE,21.9,1.65,92004.0,1951436.0,2026-10-01
2945,三商家購,TWSE,39.85,0.05,20699.0,824667.0,2026-10-01
3002,歐格,TWSE,19.3,0.4,327819.0,6348201.0,2026-10-01
3003,健和興,TWSE,60.4,0.7,334494.0,20142556.0,2026-10-01
3004,豐達科,TWSE,119.0,1.5,165706.0,19681796.0,2026-10-01
3005,神基,TWSE,116.5,-0.5,1298870.0,151611312.0,2026-10-01
3006,晶豪科,TWSE,286.0,1.0,8256303.0,2358397757.0,2026-10-01
3008,大立光,TWSE,5945.0,-75.0,1670350.0,10008548010.0,2026-10-01
3010,華立,TWSE,125.5,0.5,343187.0,43205586.0,2026-10-01
3011,今皓,TWSE,10.15,0.25,270226.0,2733980.0,2026-10-01
3013,晟銘電,TWSE,86.8,2.8,2758145.0,241809732.0,2026-10-01
3014,聯陽,TWSE,141.5,-2.0,1815815.0,257675983.0,2026-10-01
3015,全漢,TWSE,55.2,1.5,529686.0,29036595.0,2026-10-01
3016,嘉晶,TWSE,169.0,-3.5,43282581.0,7295121737.0,2026-10-01
3017,奇鋐,TWSE,3435.0,35.0,3653169.0,12740725441.0,2026-10-01
3018,隆銘綠能,TWSE,12.0,0.05,36173.0,432040.0,2026-10-01
3019,亞光,TWSE,136.5,1.0,1304111.0,177918851.0,2026-10-01
3021,鴻名,TWSE,28.45,-1.15,3337096.0,96583919.0,2026-10-01
3022,威強電,TWSE,92.3,-0.7,1114495.0,102948571.0,2026-10-01
3023,信邦,TWSE,307.0,-0.5,1125085.0,345197292.0,2026-10-01
3024,憶聲,TWSE,14.2,0.0,473733.0,6727756.0,2026-10-01
3025,星通,TWSE,52.9,0.5,156196.0,8248601.0,2026-10-01
3026,禾伸堂,TWSE,791.0,-5.0,6314086.0,5052036887.0,2026-10-01
3027,盛達,TWSE,18.9,0.5,249111.0,4682691.0,2026-10-01
3028,增你強,TWSE,62.9,0.2,562381.0,35412926.0,2026-10-01
3029,零壹,TWSE,120.0,2.5,1546881.0,184130566.0,2026-10-01
3030,德律,TWSE,279.0,3.0,975680.0,272208615.0,2026-10-01
3031,佰鴻,TWSE,30.8,-0.45,3719886.0,115129962.0,2026-10-01
3032,偉訓,TWSE,78.3,0.4,165408.0,12970263.0,2026-10-01
3033,威健,TWSE,42.6,0.6,3088593.0,131512696.0,2026-10-01
3034,聯詠,TWSE,546.0,6.0,4490920.0,2455705590.0,2026-10-01
3035,智原,TWSE,210.5,0.5,5825258.0,1228911393.0,2026-10-01
3036,文曄,TWSE,205.5,-2.0,7228161.0,1498048664.0,2026-10-01
3037,欣興,TWSE,1175.0,10.0,10764941.0,12643337637.0,2026-10-01
3038,全台,TWSE,20.8,0.5,540962.0,11186331.0,2026-10-01
3040,遠見,TWSE,33.85,0.0,114291.0,3874503.0,2026-10-01
3041,揚智,TWSE,24.35,0.75,1284122.0,31110351.0,2026-10-01
3042,晶技,TWSE,210.0,1.5,26893773.0,5696932060.0,2026-10-01
3043,科風,TWSE,20.35,0.25,46179.0,938476.0,2026-10-01
3044,健鼎,TWSE,525.0,4.0,2375027.0,1254976074.0,2026-10-01
3045,台灣大,TWSE,119.5,-1.5,9996628.0,1190363577.0,2026-10-01
3046,建碁,TWSE,53.6,0.0,106783.0,5738758.0,2026-10-01
3047,訊舟,TWSE,14.75,0.2,706314.0,10416591.0,2026-10-01
3048,益登,TWSE,51.7,0.6,783996.0,40471615.0,2026-10-01
3049,精金,TWSE,12.65,0.5,9024072.0,114416882.0,2026-10-01
3050,鈺德,TWSE,11.95,0.3,774861.0,9188439.0,2026-10-01
3051,力特,TWSE,23.3,0.65,1256851.0,29333136.0,2026-10-01
3052,夆典,TWSE,10.4,0.05,235038.0,2444232.0,2026-10-01
3054,立萬利,TWSE,59.4,0.6,151637.0,8943991.0,2026-10-01
3055,蔚華科,TWSE,209.5,6.0,15323703.0,3097152118.0,2026-10-01
3056,富華新,TWSE,13.85,0.0,508737.0,7028416.0,2026-10-01
3057,喬鼎,TWSE,16.2,-0.05,15334.0,248946.0,2026-10-01
3058,立德,TWSE,8.2,0.05,336204.0,2754859.0,2026-10-01
3059,華晶科,TWSE,38.75,0.9,1575182.0,60659453.0,2026-10-01
3060,銘異,TWSE,28.1,0.65,2271586.0,64368371.0,2026-10-01
3062,建漢,TWSE,22.9,0.9,3202355.0,72858359.0,2026-10-01
3090,日電貿,TWSE,161.0,0.0,1199853.0,194077843.0,2026-10-01
3092,鴻碩,TWSE,25.0,2.25,1373868.0,34001904.0,2026-10-01
3094,聯傑,TWSE,61.6,1.9,38839091.0,2360132779.0,2026-10-01
3130,一零四,TWSE,209.0,0.0,46556.0,9743064.0,2026-10-01
3135,凌航,TWSE,158.0,1.5,336645.0,53069476.0,2026-10-01
3138,耀登,TWSE,101.0,2.9,589688.0,59638193.0,2026-10-01
3149,正達,TWSE,74.0,6.7,18806124.0,1366203127.0,2026-10-01
3150,鈺寶-創,TWSE,15.65,0.5,23000.0,352550.0,2026-10-01
3164,景岳,TWSE,16.55,-0.05,33172.0,545622.0,2026-10-01
3167,大量,TWSE,887.0,-16.0,4139180.0,3677095107.0,2026-10-01
3168,眾福科,TWSE,42.8,0.65,12455.0,528121.0,2026-10-01
3189,景碩,TWSE,970.0,15.0,23925434.0,22859601320.0,2026-10-01
3209,全科,TWSE,45.35,-0.15,797503.0,36382685.0,2026-10-01
3229,晟鈦,TWSE,58.6,1.5,2112106.0,124838845.0,2026-10-01
3231,緯創,TWSE,184.5,-1.0,20375740.0,3777479677.0,2026-10-01
3257,虹冠電,TWSE,49.6,0.3,120801.0,5981343.0,2026-10-01
3266,昇陽,TWSE,14.0,0.25,38070.0,531371.0,2026-10-01
3296,勝德,TWSE,28.4,0.6,64326.0,1806019.0,2026-10-01
3305,昇貿,TWSE,106.0,1.5,715550.0,75998112.0,2026-10-01
3308,聯德,TWSE,22.35,0.15,154833.0,3486636.0,2026-10-01
3311,閎暉,TWSE,41.05,2.9,4650953.0,191720721.0,2026-10-01
3312,弘憶股,TWSE,52.0,1.1,1021388.0,53332410.0,2026-10-01
3321,同泰,TWSE,18.25,0.1,87626.0,1596197.0,2026-10-01
3338,泰碩,TWSE,68.0,0.1,394432.0,26853524.0,2026-10-01
3346,麗清,TWSE,24.15,0.35,592546.0,14260980.0,2026-10-01
3356,奇偶,TWSE,66.0,0.4,162786.0,10745309.0,2026-10-01
3376,新日興,TWSE,174.5,3.0,2518660.0,439549380.0,2026-10-01
3380,明泰,TWSE,32.15,0.55,5494158.0,177643017.0,2026-10-01
3406,玉晶光,TWSE,890.0,8.0,3631717.0,3263904656.0,2026-10-01
3413,京鼎,TWSE,291.0,0.0,705048.0,206521292.0,2026-10-01
3416,融程電,TWSE,162.5,0.5,154921.0,25180871.0,2026-10-01
3419,譁裕,TWSE,12.05,0.25,1020624.0,12435649.0,2026-10-01
3432,台端,TWSE,14.9,0.1,50972.0,755254.0,2026-10-01
3437,榮創,TWSE,22.45,0.05,2199034.0,49493662.0,2026-10-01
3443,創意,TWSE,8040.0,115.0,669082.0,5348477330.0,2026-10-01
3447,展達,TWSE,27.55,0.4,84450.0,2330866.0,2026-10-01
3450,聯鈞,TWSE,523.0,-2.0,5074962.0,2679088895.0,2026-10-01
3481,群創,TWSE,54.7,4.95,486059149.0,26083084106.0,2026-10-01
3494,誠研,TWSE,7.1,0.01,27333.0,193425.0,2026-10-01
3501,維熹,TWSE,37.65,0.15,196299.0,7378115.0,2026-10-01
3504,揚明光,TWSE,79.1,-0.4,690793.0,54973072.0,2026-10-01
3515,華擎,TWSE,212.0,1.0,131882.0,28016960.0,2026-10-01
3518,柏騰,TWSE,41.1,3.7,8426466.0,345394585.0,2026-10-01
3528,安馳,TWSE,85.6,0.9,162785.0,13825918.0,2026-10-01
3530,晶相光,TWSE,59.2,0.8,114627.0,6781819.0,2026-10-01
3532,台勝科,TWSE,471.0,17.0,14082552.0,6646150402.0,2026-10-01
3533,嘉澤,TWSE,1770.0,60.0,2399430.0,4222597445.0,2026-10-01
3535,晶彩科,TWSE,92.0,2.2,1514606.0,139049262.0,2026-10-01
3543,州巧,TWSE,51.2,1.0,10696796.0,539927283.0,2026-10-01
3545,敦泰,TWSE,51.8,-0.1,950180.0,49051160.0,2026-10-01
3550,聯穎,TWSE,25.9,-0.3,8130123.0,214256953.0,2026-10-01
3557,嘉威,TWSE,23.0,0.2,54872.0,1250143.0,2026-10-01
3563,牧德,TWSE,807.0,13.0,1867198.0,1503800297.0,2026-10-01
3576,聯合再生,TWSE,19.7,1.75,86571378.0,1695058962.0,2026-10-01
3583,辛耘,TWSE,707.0,-6.0,1276364.0,917873995.0,2026-10-01
3588,通嘉,TWSE,53.9,0.2,209992.0,11371820.0,2026-10-01
3591,艾笛森,TWSE,27.45,1.05,2368305.0,64762574.0,2026-10-01
3592,瑞鼎,TWSE,237.5,12.5,1755009.0,412781512.0,2026-10-01
3593,力銘,TWSE,11.0,0.7,39768.0,415142.0,2026-10-01
3596,智易,TWSE,153.0,-0.5,626621.0,96142606.0,2026-10-01
3605,宏致,TWSE,170.5,-12.0,17829847.0,3089588280.0,2026-10-01
3607,谷崧,TWSE,14.0,0.3,220285.0,3055821.0,2026-10-01
3617,碩天,TWSE,242.0,1.5,211371.0,51409531.0,2026-10-01
3622,洋華,TWSE,46.1,1.45,191623.0,8778622.0,2026-10-01
3645,達邁,TWSE,75.3,2.6,5003116.0,372149781.0,2026-10-01
3652,精聯,TWSE,34.2,0.35,54046.0,1831304.0,2026-10-01
3653,健策,TWSE,6800.0,-95.0,1303905.0,8907982620.0,2026-10-01
3661,世芯-KY,TWSE,3740.0,55.0,1125493.0,4238207900.0,2026-10-01
3665,貿聯-KY,TWSE,2595.0,150.0,6154465.0,15914427580.0,2026-10-01
3669,圓展,TWSE,33.0,0.55,102848.0,3379071.0,2026-10-01
3673,TPK-KY,TWSE,75.5,6.8,37006920.0,2713186828.0,2026-10-01
3679,新至陞,TWSE,108.0,-0.5,35968.0,3894114.0,2026-10-01
3686,達能,TWSE,16.3,1.45,569233.0,9128561.0,2026-10-01
3694,海華,TWSE,51.5,1.1,365930.0,18754156.0,2026-10-01
3701,大眾控,TWSE,45.9,4.15,4549945.0,205587194.0,2026-10-01
3702,大聯大,TWSE,114.0,-1.0,5939004.0,678123187.0,2026-10-01
3703,欣陸,TWSE,19.6,0.1,690262.0,13497834.0,2026-10-01
3704,合勤控,TWSE,40.5,0.25,926509.0,37584077.0,2026-10-01
3705,永信,TWSE,56.7,0.8,167862.0,9480009.0,2026-10-01
3706,神達,TWSE,79.3,0.4,3956421.0,314191740.0,2026-10-01
3708,上緯投控,TWSE,98.9,1.3,282790.0,27855971.0,2026-10-01
3711,日月光投控,TWSE,703.0,16.0,14687120.0,10400841185.0,2026-10-01
3712,永崴投控,TWSE,20.65,0.0,663198.0,13619392.0,2026-10-01
3714,富采,TWSE,69.9,1.8,21400350.0,1497026010.0,2026-10-01
3715,定穎投控,TWSE,126.5,2.0,4275577.0,539302731.0,2026-10-01
3716,中化控股,TWSE,34.25,0.35,252547.0,8630371.0,2026-10-01
3717,聯嘉投控,TWSE,27.7,-0.15,31519820.0,884996636.0,2026-10-01
4104,佳醫,TWSE,72.7,0.6,149094.0,10809947.0,2026-10-01
4106,雃博,TWSE,24.35,0.1,86882.0,2104555.0,2026-10-01
4108,懷特,TWSE,11.5,0.15,171221.0,1946403.0,2026-10-01
4119,旭富,TWSE,55.5,0.1,107841.0,5943526.0,2026-10-01
4133,亞諾法,TWSE,20.65,0.2,35808.0,736826.0,2026-10-01
4137,麗豐-KY,TWSE,77.3,0.8,71880.0,5555292.0,2026-10-01
4142,國光生,TWSE,18.25,0.15,1460885.0,26567930.0,2026-10-01
4148,全宇生技-KY,TWSE,32.0,0.05,12150.0,389350.0,2026-10-01
4155,訊映,TWSE,14.65,0.05,165507.0,2415900.0,2026-10-01
4164,承業醫,TWSE,27.35,0.45,266148.0,7252974.0,2026-10-01
4169,泰宗,TWSE,152.0,3.5,104867.0,15879314.0,2026-10-01
4178,永笙-KY,TWSE,16.7,0.15,88100.0,1456435.0,2026-10-01
4190,佐登-KY,TWSE,24.95,-0.1,11798.0,295925.0,2026-10-01
4195,基米-創,TWSE,16.1,0.3,802116.0,13411108.0,2026-10-01
4306,炎洲,TWSE,14.7,0.05,707952.0,10386014.0,2026-10-01
4414,如興,TWSE,8.14,0.03,272697.0,2213174.0,2026-10-01
4426,利勤,TWSE,7.61,0.0,45126.0,343439.0,2026-10-01
4438,廣越,TWSE,57.0,0.3,34204.0,1946127.0,2026-10-01
4439,冠星-KY,TWSE,98.4,1.9,37233.0,3624975.0,2026-10-01
4440,宜新實業,TWSE,17.55,0.1,30000.0,525150.0,2026-10-01
4441,振大環球,TWSE,171.5,1.5,83293.0,14218273.0,2026-10-01
4526,東台,TWSE,34.05,1.9,6948777.0,235354359.0,2026-10-01
4532,瑞智,TWSE,24.85,-0.2,731570.0,18213078.0,2026-10-01
4536,拓凱,TWSE,161.0,-0.5,248132.0,40024271.0,2026-10-01
4540,全球傳動,TWSE,62.1,-0.5,4250729.0,267032480.0,2026-10-01
4545,銘鈺,TWSE,39.1,3.55,931770.0,36067015.0,2026-10-01
4551,智伸科,TWSE,174.5,-5.0,5389854.0,964692439.0,2026-10-01
4552,力達-KY,TWSE,15.8,0.45,189447.0,2955694.0,2026-10-01
4555,氣立,TWSE,42.15,0.55,76991.0,3230341.0,2026-10-01
4557,永新-KY,TWSE,50.3,0.2,56850.0,2860411.0,2026-10-01
4560,強信-KY,TWSE,29.9,0.55,367002.0,10809358.0,2026-10-01
4562,穎漢,TWSE,30.95,0.95,153575.0,4696158.0,2026-10-01
4564,元翎,TWSE,16.4,0.2,570788.0,9310318.0,2026-10-01
4566,時碩工業,TWSE,74.1,0.9,3316709.0,247913494.0,2026-10-01
4569,六方科-KY,TWSE,157.5,3.5,28293.0,4456216.0,2026-10-01
4571,鈞興-KY,TWSE,153.5,1.0,97627.0,14997405.0,2026-10-01
4572,駐龍,TWSE,138.5,-0.5,14722.0,2043432.0,2026-10-01
4576,大銀微系統,TWSE,236.0,-5.0,2005719.0,477641490.0,2026-10-01
4581,光隆精密-KY,TWSE,48.2,0.5,12000.0,575800.0,2026-10-01
4582,聚恆-創,TWSE,22.5,0.3,132010.0,2941472.0,2026-10-01
4583,台灣精銳,TWSE,426.5,-2.5,85489.0,36560233.0,2026-10-01
4585,達明,TWSE,292.0,2.0,78377.0,22871666.0,2026-10-01
4588,玖鼎電力,TWSE,56.0,0.7,34489.0,1931809.0,2026-10-01
4590,富田-創,TWSE,89.1,0.6,118271.0,10559026.0,2026-10-01
4720,德淵,TWSE,19.3,0.15,230066.0,4452176.0,2026-10-01
4722,國精化,TWSE,190.5,0.5,647858.0,124749038.0,2026-10-01
4736,泰博,TWSE,130.0,1.5,151308.0,19598536.0,2026-10-01
4737,華廣,TWSE,55.4,-0.2,46490.0,2584952.0,2026-10-01
4739,康普,TWSE,88.4,5.2,4293114.0,376777904.0,2026-10-01
4746,台耀,TWSE,48.95,1.25,1019870.0,49376084.0,2026-10-01
4755,三福化,TWSE,118.0,0.0,261884.0,31180474.0,2026-10-01
4763,材料*-KY,TWSE,48.9,2.05,11831200.0,568339728.0,2026-10-01
4764,雙鍵,TWSE,189.0,6.0,1350451.0,254088566.0,2026-10-01
4766,南寶,TWSE,340.5,-0.5,84164.0,28731712.0,2026-10-01
4770,上品,TWSE,282.0,-4.5,1405600.0,396811725.0,2026-10-01
4771,望隼,TWSE,214.5,3.0,117834.0,25105135.0,2026-10-01
4807,日成-KY,TWSE,29.35,0.2,129235.0,3761640.0,2026-10-01
4904,遠傳,TWSE,103.5,-1.0,6217738.0,643469371.0,2026-10-01
4906,正文,TWSE,42.3,2.1,17574239.0,726846249.0,2026-10-01
4912,聯德控股-KY,TWSE,100.0,3.2,999173.0,100315215.0,2026-10-01
4915,致伸,TWSE,63.5,0.0,1919020.0,122202649.0,2026-10-01
4916,事欣科,TWSE,104.0,2.5,2099007.0,217297500.0,2026-10-01
4919,新唐,TWSE,138.5,3.0,13131385.0,1807948483.0,2026-10-01
4927,泰鼎-KY,TWSE,44.5,0.75,3204069.0,141946511.0,2026-10-01
4930,燦星網,TWSE,15.9,0.05,12846.0,204213.0,2026-10-01
4934,太極,TWSE,14.95,0.8,945249.0,13973807.0,2026-10-01
4935,茂林-KY,TWSE,34.2,1.55,91355.0,3060703.0,2026-10-01
4938,和碩,TWSE,89.8,-1.0,11785297.0,1063421155.0,2026-10-01
4942,嘉彰,TWSE,31.9,-0.05,89065.0,2840229.0,2026-10-01
4943,康控-KY,TWSE,6.91,-0.07,8611.0,59265.0,2026-10-01
4949,有成精密,TWSE,76.3,0.3,382077.0,29332957.0,2026-10-01
4952,凌通,TWSE,49.4,0.2,152291.0,7549969.0,2026-10-01
4956,光鋐,TWSE,46.5,0.5,30014622.0,1416172674.0,2026-10-01
4958,臻鼎-KY,TWSE,507.0,8.5,30846660.0,15514245297.0,2026-10-01
4960,誠美材,TWSE,24.4,0.95,9365650.0,226441657.0,2026-10-01
4961,天鈺,TWSE,181.0,-3.5,1363490.0,245737512.0,2026-10-01
4967,十銓,TWSE,275.0,3.0,1312927.0,360496011.0,2026-10-01
4968,立積,TWSE,96.6,3.8,669041.0,63740949.0,2026-10-01
4976,佳凌,TWSE,35.8,0.3,552113.0,19732743.0,2026-10-01
4977,眾達-KY,TWSE,169.0,0.5,2213717.0,377439949.0,2026-10-01
4989,榮科,TWSE,61.0,1.5,2282700.0,139136216.0,2026-10-01
4994,傳奇,TWSE,81.8,-0.5,12902.0,1056563.0,2026-10-01
4999,鑫禾,TWSE,17.85,0.15,36315.0,646281.0,2026-10-01
5007,三星,TWSE,56.4,1.0,86561.0,4854181.0,2026-10-01
5203,訊連,TWSE,58.4,-0.2,82172.0,4811022.0,2026-10-01
5215,科嘉-KY,TWSE,37.9,0.6,14700.0,556226.0,2026-10-01
5222,全訊,TWSE,106.5,2.0,134599.0,14256811.0,2026-10-01
5225,東科-KY,TWSE,55.4,0.1,94519.0,5227227.0,2026-10-01
5234,達興材料,TWSE,308.5,-13.5,1311283.0,416658033.0,2026-10-01
5236,凌陽創新,TWSE,137.5,2.0,106889.0,14620500.0,2026-10-01
5243,乙盛-KY,TWSE,91.5,2.8,1599795.0,146929714.0,2026-10-01
5244,弘凱,TWSE,35.6,0.1,63010.0,2240604.0,2026-10-01
5258,虹堡,TWSE,42.4,1.2,211970.0,8873053.0,2026-10-01
5269,祥碩,TWSE,1460.0,-15.0,321237.0,471631365.0,2026-10-01
5283,禾聯碩,TWSE,52.8,0.2,59873.0,3161612.0,2026-10-01
5284,jpp-KY,TWSE,299.5,-0.5,233706.0,70131307.0,2026-10-01
5285,界霖,TWSE,90.1,-0.4,789941.0,71320342.0,2026-10-01
5288,豐祥-KY,TWSE,183.5,-3.0,377477.0,69946072.0,2026-10-01
5292,華懋,TWSE,230.0,11.5,335629.0,75721809.0,2026-10-01
5306,桂盟,TWSE,88.8,0.2,49644.0,4401669.0,2026-10-01
5388,中磊,TWSE,71.5,-0.2,1747043.0,125402511.0,2026-10-01
5434,崇越,TWSE,555.0,15.0,1043200.0,580374901.0,2026-10-01
5469,瀚宇博,TWSE,74.0,0.4,1291750.0,95388613.0,2026-10-01
5471,松翰,TWSE,52.3,-0.4,728369.0,38242800.0,2026-10-01
5484,慧友,TWSE,39.6,0.35,176593.0,6955795.0,2026-10-01
5515,建國,TWSE,51.9,-0.8,329036.0,17084564.0,2026-10-01
5519,隆大,TWSE,25.3,0.3,178645.0,4494576.0,2026-10-01
5521,工信,TWSE,10.6,0.1,799798.0,8456065.0,2026-10-01
5522,遠雄,TWSE,61.0,0.3,666357.0,40708094.0,2026-10-01
5525,順天,TWSE,22.0,0.05,66276.0,1452727.0,2026-10-01
5531,鄉林,TWSE,6.92,0.07,533591.0,3671298.0,2026-10-01
5533,皇鼎,TWSE,13.95,0.1,48000.0,668050.0,2026-10-01
5534,長虹,TWSE,73.1,-0.2,710625.0,52080740.0,2026-10-01
5538,東明-KY,TWSE,36.25,0.85,120054.0,4335239.0,2026-10-01
5546,永固-KY,TWSE,14.35,0.25,10700.0,153300.0,2026-10-01
5607,遠雄港,TWSE,52.4,0.5,269626.0,14067677.0,2026-10-01
5608,四維航,TWSE,16.95,0.25,1479942.0,24932439.0,2026-10-01
5706,鳳凰,TWSE,44.15,0.25,52928.0,2329731.0,2026-10-01
5871,中租-KY,TWSE,107.0,0.0,7836885.0,835682093.0,2026-10-01
5876,上海商銀,TWSE,49.15,0.3,6919056.0,340333296.0,2026-10-01
5880,合庫金,TWSE,26.1,0.05,17943411.0,468701327.0,2026-10-01
5906,台南-KY,TWSE,41.0,0.0,3000.0,122800.0,2026-10-01
5907,大洋-KY,TWSE,4.81,0.02,116501.0,562309.0,2026-10-01
6005,群益證,TWSE,32.05,0.4,5523115.0,177156535.0,2026-10-01
6024,群益期,TWSE,60.4,0.2,139673.0,8421118.0,2026-10-01
6108,競國,TWSE,25.05,0.65,1909273.0,47735878.0,2026-10-01
6112,邁達特,TWSE,48.05,0.7,1097280.0,52250640.0,2026-10-01
6115,鎰勝,TWSE,44.0,0.0,109408.0,4811124.0,2026-10-01
6116,彩晶,TWSE,16.35,1.45,154482312.0,2485225493.0,2026-10-01
6117,迎廣,TWSE,62.2,0.5,171113.0,10676959.0,2026-10-01
6120,達運,TWSE,14.35,1.3,13054101.0,185954940.0,2026-10-01
6128,上福,TWSE,19.2,0.1,47106.0,905676.0,2026-10-01
6133,金橋,TWSE,29.6,1.1,20089110.0,587348192.0,2026-10-01
6136,富爾特,TWSE,25.05,0.1,153563.0,3843641.0,2026-10-01
6139,亞翔,TWSE,756.0,24.0,3371103.0,2542282840.0,2026-10-01
6141,柏承,TWSE,51.8,-1.1,1723520.0,90299656.0,2026-10-01
6142,友勁,TWSE,9.44,0.38,1277527.0,12020289.0,2026-10-01
6152,百一,TWSE,15.3,0.2,947654.0,14403547.0,2026-10-01
6153,嘉聯益,TWSE,18.2,0.55,3919781.0,70855449.0,2026-10-01
6155,鈞寶,TWSE,63.3,-0.7,3733214.0,238575059.0,2026-10-01
6164,華興,TWSE,12.6,0.2,534842.0,6711505.0,2026-10-01
6165,浪凡,TWSE,50.0,1.15,3627663.0,181350998.0,2026-10-01
6166,凌華,TWSE,133.0,-2.0,2569354.0,347713880.0,2026-10-01
6168,宏齊,TWSE,45.25,0.05,6398422.0,293490665.0,2026-10-01
6176,瑞儀,TWSE,91.2,1.0,1303911.0,118958929.0,2026-10-01
6177,達麗,TWSE,46.45,0.2,654604.0,30453470.0,2026-10-01
6183,關貿,TWSE,91.8,1.3,33475.0,3058006.0,2026-10-01
6184,大豐電,TWSE,40.3,0.2,31187.0,1253526.0,2026-10-01
6189,豐藝,TWSE,50.4,0.2,409293.0,20533308.0,2026-10-01
6191,精成科,TWSE,84.0,0.9,1190164.0,99631754.0,2026-10-01
6192,巨路,TWSE,109.5,0.0,85425.0,9369014.0,2026-10-01
6196,帆宣,TWSE,585.0,41.0,3126316.0,1812654545.0,2026-10-01
6197,佳必琪,TWSE,326.0,7.0,1635769.0,531462097.0,2026-10-01
6201,亞弘電,TWSE,44.6,0.4,12416.0,552999.0,2026-10-01
6202,盛群,TWSE,58.6,0.2,1071210.0,63003091.0,2026-10-01
6205,詮欣,TWSE,71.3,0.2,1504797.0,107681031.0,2026-10-01
6206,飛捷,TWSE,139.5,-3.5,858975.0,120654216.0,2026-10-01
6209,今國光,TWSE,81.7,0.2,7141009.0,583406788.0,2026-10-01
6213,聯茂,TWSE,623.0,3.0,23593063.0,14986668262.0,2026-10-01
6214,精誠,TWSE,188.0,-1.0,1869735.0,348650276.0,2026-10-01
6215,和椿,TWSE,97.7,0.5,254513.0,24903404.0,2026-10-01
6216,居易,TWSE,19.95,0.45,94737.0,1892996.0,2026-10-01
6224,聚鼎,TWSE,78.8,-2.4,897148.0,71547116.0,2026-10-01
6225,天瀚,TWSE,60.9,5.5,195797.0,11887316.0,2026-10-01
6226,光鼎,TWSE,45.1,-0.45,2207400.0,99471598.0,2026-10-01
6230,尼得科超眾,TWSE,113.0,1.5,32198.0,3624612.0,2026-10-01
6235,華孚,TWSE,39.1,0.25,231475.0,9059161.0,2026-10-01
6239,力成,TWSE,289.5,8.5,14456581.0,4206617233.0,2026-10-01
6243,迅杰,TWSE,39.5,0.5,400561.0,15781346.0,2026-10-01
6257,矽格,TWSE,254.0,17.5,21848796.0,5550196685.0,2026-10-01
6269,台郡,TWSE,66.0,1.1,4586762.0,302850401.0,2026-10-01
6271,同欣電,TWSE,226.5,-0.5,2695749.0,616166994.0,2026-10-01
6272,驊陞,TWSE,25.6,0.2,123853.0,3192601.0,2026-10-01
6277,宏正,TWSE,77.0,0.3,109764.0,8433028.0,2026-10-01
6278,台表科,TWSE,218.0,2.0,8876929.0,1938003242.0,2026-10-01
6281,全國電,TWSE,51.0,-0.2,39683.0,2021324.0,2026-10-01
6282,康舒,TWSE,43.7,0.9,7065343.0,309250918.0,2026-10-01
6283,淳安,TWSE,19.5,0.7,121498.0,2371371.0,2026-10-01
6285,啟碁,TWSE,236.0,3.5,2235971.0,528426223.0,2026-10-01
6405,悅城,TWSE,50.1,4.55,470287.0,23561361.0,2026-10-01
6409,旭隼,TWSE,907.0,30.0,261917.0,234954581.0,2026-10-01
6412,群電,TWSE,74.8,0.7,298725.0,22308472.0,2026-10-01
6414,樺漢,TWSE,392.0,-6.0,2337611.0,927347230.0,2026-10-01
6415,矽力*-KY,TWSE,409.0,0.0,1878392.0,770832548.0,2026-10-01
6416,瑞祺電通,TWSE,114.5,-1.5,596099.0,68331409.0,2026-10-01
6426,統新,TWSE,345.0,-9.0,2470102.0,867261990.0,2026-10-01
6431,光麗-KY,TWSE,17.6,0.05,49379.0,859522.0,2026-10-01
6438,迅得,TWSE,164.0,2.0,1457858.0,242903653.0,2026-10-01
6442,光聖,TWSE,1490.0,-10.0,1329824.0,1993421785.0,2026-10-01
6443,元晶,TWSE,28.75,1.25,13159959.0,377467258.0,2026-10-01
6446,藥華藥,TWSE,1215.0,20.0,1685359.0,2056487315.0,2026-10-01
6449,鈺邦,TWSE,209.5,4.0,802853.0,170049651.0,2026-10-01
6451,訊芯-KY,TWSE,420.5,4.0,1219243.0,512195696.0,2026-10-01
6456,GIS-KY,TWSE,92.0,2.6,63213414.0,5878777895.0,2026-10-01
6464,台數科,TWSE,76.8,1.0,17923.0,1374395.0,2026-10-01
6472,保瑞,TWSE,424.0,1.5,280635.0,119116439.0,2026-10-01
6477,安集,TWSE,35.6,1.5,2304661.0,81560846.0,2026-10-01
6491,晶碩,TWSE,413.0,7.0,445515.0,183773093.0,2026-10-01
6504,南六,TWSE,36.95,-0.25,31050.0,1147410.0,2026-10-01
6505,台塑化,TWSE,97.3,3.0,37924444.0,3651739449.0,2026-10-01
6515,穎崴,TWSE,5930.0,255.0,478498.0,2798667535.0,2026-10-01
6525,捷敏-KY,TWSE,135.5,2.0,477358.0,64726191.0,2026-10-01
6526,達發,TWSE,840.0,26.0,987850.0,830445571.0,2026-10-01
6531,愛普*,TWSE,927.0,-2.0,2135333.0,1999028671.0,2026-10-01
6533,晶心科,TWSE,333.5,30.0,9824741.0,3149660245.0,2026-10-01
6534,正瀚-創,TWSE,90.6,0.8,23100.0,2086580.0,2026-10-01
6541,泰福-KY,TWSE,31.1,1.15,434509.0,13483274.0,2026-10-01
6550,北極星藥業-KY,TWSE,17.85,0.45,1576465.0,27373817.0,2026-10-01
6552,易華電,TWSE,25.0,0.2,60143.0,1508689.0,2026-10-01
6558,興能高,TWSE,25.0,-0.4,353873.0,8925533.0,2026-10-01
6573,虹揚-KY,TWSE,16.45,0.55,186907.0,3028003.0,2026-10-01
6579,研揚,TWSE,159.0,1.5,457961.0,73117373.0,2026-10-01
6581,鋼聯,TWSE,108.5,0.5,11265.0,1221745.0,2026-10-01
6582,申豐,TWSE,31.1,0.3,24323.0,755731.0,2026-10-01
6585,鼎基,TWSE,104.0,0.5,132610.0,13710991.0,2026-10-01
6589,台康生技,TWSE,53.4,1.8,951463.0,50663872.0,2026-10-01
6591,動力-KY,TWSE,42.85,-0.35,109515.0,4687686.0,2026-10-01
6592,和潤企業,TWSE,56.9,0.0,475961.0,27102602.0,2026-10-01
6598,ABC-KY,TWSE,27.4,0.2,194798.0,5272335.0,2026-10-01
6605,帝寶,TWSE,137.5,-0.5,156952.0,21547825.0,2026-10-01
6606,建德工業,TWSE,24.8,0.05,64034.0,1589205.0,2026-10-01
6614,資拓宏宇,TWSE,35.3,0.15,33278.0,1176636.0,2026-10-01
6625,必應,TWSE,74.0,0.1,48873.0,3601940.0,2026-10-01
6641,基士德-KY,TWSE,17.0,0.05,12014.0,203336.0,2026-10-01
6645,金萬林-創,TWSE,12.85,0.35,12061.0,153767.0,2026-10-01
6655,科定,TWSE,125.0,0.5,2404.0,296526.0,2026-10-01
6657,華安,TWSE,32.7,0.25,97680.0,3181994.0,2026-10-01
6658,聯策,TWSE,180.5,-0.5,363469.0,66034784.0,2026-10-01
6666,羅麗芬-KY,TWSE,45.55,-0.1,20511.0,926994.0,2026-10-01
6668,中揚光,TWSE,47.05,-0.6,1721346.0,81839434.0,2026-10-01
6669,緯穎,TWSE,2090.0,-10.0,1887580.0,3980903315.0,2026-10-01
6670,復盛應用,TWSE,272.0,-1.0,181000.0,49262480.0,2026-10-01
6671,三能-KY,TWSE,22.7,-0.15,7143.0,162463.0,2026-10-01
6672,騰輝電子-KY,TWSE,369.0,33.5,8259557.0,2942032398.0,2026-10-01
6674,鋐寶科技,TWSE,18.25,0.0,148899.0,2725547.0,2026-10-01
6689,伊雲谷,TWSE,64.8,0.4,188502.0,12171864.0,2026-10-01
6691,洋基工程,TWSE,719.0,65.0,2580611.0,1832553958.0,2026-10-01
6695,芯鼎,TWSE,55.0,0.9,1104717.0,60367997.0,2026-10-01
6698,旭暉應材,TWSE,33.3,-0.6,489189.0,16174890.0,2026-10-01
6706,惠特,TWSE,150.0,-1.0,4351935.0,666002120.0,2026-10-01
6715,嘉基,TWSE,442.0,-10.0,686089.0,305628181.0,2026-10-01
6719,力智,TWSE,186.5,2.5,577285.0,107239890.0,2026-10-01
6722,輝創,TWSE,32.5,0.2,13701.0,443641.0,2026-10-01
6742,澤米,TWSE,56.3,2.1,1743025.0,98888402.0,2026-10-01
6743,安普新,TWSE,31.85,0.75,553663.0,17539167.0,2026-10-01
6753,龍德造船,TWSE,133.5,1.0,299764.0,40008835.0,2026-10-01
6754,匯僑設計,TWSE,41.5,0.1,13201.0,547970.0,2026-10-01
6756,威鋒電子,TWSE,98.7,-0.1,76342.0,7548782.0,2026-10-01
6757,台灣虎航,TWSE,54.0,0.6,875362.0,47140174.0,2026-10-01
6768,志強-KY,TWSE,62.7,0.2,88705.0,5553508.0,2026-10-01
6770,力積電,TWSE,75.3,3.0,137017155.0,10186832981.0,2026-10-01
6771,平和環保-創,TWSE,42.6,0.8,56644.0,2400899.0,2026-10-01
6776,展碁國際,TWSE,52.9,1.0,64252.0,3383919.0,2026-10-01
6781,AES-KY,TWSE,1020.0,10.0,310063.0,316919355.0,2026-10-01
6782,視陽,TWSE,242.0,7.5,228952.0,55013653.0,2026-10-01
6789,采鈺,TWSE,494.0,15.5,2486076.0,1223967217.0,2026-10-01
6790,永豐實,TWSE,37.8,0.2,57248.0,2157771.0,2026-10-01
6792,詠業,TWSE,59.6,0.7,30112.0,1776013.0,2026-10-01
6794,向榮生技,TWSE,71.8,0.0,19022.0,1353717.0,2026-10-01
6796,晉弘,TWSE,53.0,1.3,26823.0,1409006.0,2026-10-01
6799,來頡,TWSE,91.7,1.4,363126.0,33038358.0,2026-10-01
6805,富世達,TWSE,2455.0,-60.0,2379419.0,6132856444.0,2026-10-01
6807,峰源-KY,TWSE,32.3,0.4,7031.0,224341.0,2026-10-01
6830,汎銓,TWSE,533.0,0.0,749406.0,401338961.0,2026-10-01
6831,邁科,TWSE,471.5,-20.5,1088907.0,521786053.0,2026-10-01
6834,天二科技,TWSE,109.0,-3.5,2684385.0,298830491.0,2026-10-01
6835,圓裕,TWSE,31.2,0.3,8299.0,258012.0,2026-10-01
6838,台新藥,TWSE,25.8,0.15,135088.0,3480512.0,2026-10-01
6854,錼創科技-KY創,TWSE,93.3,2.3,228806.0,21327188.0,2026-10-01
6861,睿生光電,TWSE,313.5,28.5,2023999.0,620990101.0,2026-10-01
6862,三集瑞-KY,TWSE,138.0,0.0,78777.0,10884254.0,2026-10-01
6863,永道-KY,TWSE,95.3,-0.9,104641.0,9930702.0,2026-10-01
6869,雲豹能源,TWSE,71.9,1.0,377186.0,26897289.0,2026-10-01
6873,泓德能源,TWSE,68.4,0.5,145527.0,9913620.0,2026-10-01
6885,全福生技,TWSE,32.0,1.0,1025210.0,31775370.0,2026-10-01
6887,寶綠特-KY,TWSE,38.1,0.0,39319.0,1491247.0,2026-10-01
6890,來億-KY,TWSE,148.0,1.0,66816.0,9879396.0,2026-10-01
6901,鑽石投資,TWSE,16.85,-0.4,5739727.0,97034829.0,2026-10-01
6902,GOGOLOOK,TWSE,159.0,-3.5,556230.0,88293816.0,2026-10-01
6906,現觀科,TWSE,83.6,-0.1,51103.0,4282142.0,2026-10-01
6908,宏碁遊戲-創,TWSE,26.65,-0.4,110917.0,2953076.0,2026-10-01
6909,創控,TWSE,42.85,0.9,242662.0,10373620.0,2026-10-01
6914,阜爾運通,TWSE,119.0,-0.5,84330.0,10072737.0,2026-10-01
6916,華凌,TWSE,18.7,0.25,35000.0,658350.0,2026-10-01
6918,愛派司,TWSE,74.3,0.3,12045.0,892075.0,2026-10-01
6919,康霈*,TWSE,79.0,-0.5,5214982.0,416674011.0,2026-10-01
6921,嘉雨思-創,TWSE,68.0,1.0,51043.0,3437681.0,2026-10-01
6923,中台,TWSE,75.2,0.4,47949.0,3601102.0,2026-10-01
6924,榮惠-KY創,TWSE,135.0,0.0,25372.0,3360234.0,2026-10-01
6928,攸泰科技,TWSE,46.0,0.5,38980.0,1780703.0,2026-10-01
6931,青松健康,TWSE,38.9,0.15,24293.0,945564.0,2026-10-01
6933,AMAX-KY,TWSE,371.0,-7.0,2429689.0,921848392.0,2026-10-01
6934,心誠鎂,TWSE,75.3,-0.8,56001.0,4215576.0,2026-10-01
6936,永鴻生技,TWSE,32.0,0.3,15333.0,487441.0,2026-10-01
6937,天虹,TWSE,308.0,0.0,748880.0,232443738.0,2026-10-01
6944,兆聯實業,TWSE,775.0,-1.0,494392.0,386215566.0,2026-10-01
6947,台鎔科技,TWSE,68.4,1.2,193105.0,13139149.0,2026-10-01
6949,沛爾生醫*-創,TWSE,50.6,1.4,2970817.0,150772725.0,2026-10-01
6951,青新-創,TWSE,69.2,0.1,23347.0,1618069.0,2026-10-01
6952,大武山,TWSE,38.8,0.0,2014.0,78152.0,2026-10-01
6955,邦睿生技-創,TWSE,96.0,0.7,5001.0,477594.0,2026-10-01
6957,裕慶-KY,TWSE,371.0,33.5,302581.0,111463051.0,2026-10-01
6958,日盛台駿,TWSE,17.5,0.45,37766.0,655653.0,2026-10-01
6962,奕力-KY,TWSE,32.45,0.6,2061933.0,66746311.0,2026-10-01
6965,中傑-KY,TWSE,63.7,-1.1,245983.0,15586325.0,2026-10-01
6969,成信實業*-創,TWSE,31.35,-0.3,99500.0,3107229.0,2026-10-01
6988,威力暘-創,TWSE,11.7,0.2,352000.0,4031500.0,2026-10-01
6994,富威電力,TWSE,26.5,-0.1,626298.0,16432009.0,2026-10-01
7610,聯友金屬-創,TWSE,1735.0,5.0,764301.0,1351122035.0,2026-10-01
7631,聚賢研發-創,TWSE,140.5,3.0,125692.0,17622982.0,2026-10-01
7689,大鵬科CLMX,TWSE,159.5,1.0,86269.0,13784212.0,2026-10-01
7705,三商餐飲,TWSE,29.85,0.1,39354.0,1169843.0,2026-10-01
7711,永擎,TWSE,560.0,14.0,806691.0,450112039.0,2026-10-01
7721,微程式,TWSE,62.2,0.4,33227.0,2066992.0,2026-10-01
7722,LINEPAY,TWSE,259.0,1.0,32803.0,8499189.0,2026-10-01
7730,暉盛-創,TWSE,179.5,5.0,93887.0,16843559.0,2026-10-01
7732,金興精密,TWSE,33.5,0.0,1026.0,34370.0,2026-10-01
7736,虎山,TWSE,68.5,0.3,16073.0,1099185.0,2026-10-01
7740,熙特爾-創,TWSE,104.5,2.5,143471.0,14934302.0,2026-10-01
7749,意騰-KY,TWSE,391.0,5.0,200702.0,78821237.0,2026-10-01
7750,新代,TWSE,1915.0,-45.0,128342.0,248405660.0,2026-10-01
7760,享溫馨,TWSE,32.55,-0.7,35224.0,1147630.0,2026-10-01
7765,中華資安,TWSE,237.0,0.0,74827.0,17718564.0,2026-10-01
7768,頌勝科技,TWSE,299.5,-4.5,84548.0,25673362.0,2026-10-01
7769,鴻勁,TWSE,5505.0,-80.0,926671.0,5115715460.0,2026-10-01
7780,大研生醫*,TWSE,16.25,0.2,585103.0,9452823.0,2026-10-01
7786,東方風能,TWSE,119.5,1.0,71350.0,8491490.0,2026-10-01
7788,松川精密,TWSE,294.0,6.5,926113.0,270452528.0,2026-10-01
7791,皇家可口,TWSE,55.3,-0.1,18558.0,1026680.0,2026-10-01
7795,長廣,TWSE,488.0,-8.0,538793.0,265912543.0,2026-10-01
7799,禾榮科,TWSE,539.0,48.5,2151874.0,1140877098.0,2026-10-01
7803,雲象科技-創,TWSE,17.95,0.2,144259.0,2556652.0,2026-10-01
7812,稜研科技*-創,TWSE,66.7,-2.7,248351.0,16681207.0,2026-10-01
7818,溢泰實業,TWSE,60.1,0.2,66255.0,3958928.0,2026-10-01
7821,神數,TWSE,35.9,-0.2,197607.0,7075227.0,2026-10-01
7822,倍利科,TWSE,998.0,22.0,469058.0,473284679.0,2026-10-01
7823,奧義賽博-KY創,TWSE,80.2,0.2,37185.0,2972220.0,2026-10-01
7827,漢康-KY創,TWSE,165.0,1.5,205107.0,33548996.0,2026-10-01
7835,永悅健康-創,TWSE,20.2,0.2,66347.0,1311016.0,2026-10-01
7855,和運租車,TWSE,41.4,-0.1,486814.0,20149177.0,2026-10-01
8011,台通,TWSE,16.1,0.3,893666.0,14353233.0,2026-10-01
8016,矽創,TWSE,284.0,-1.0,420563.0,119759609.0,2026-10-01
8021,尖點,TWSE,486.0,6.0,855758.0,414473209.0,2026-10-01
8028,昇陽半導體,TWSE,282.5,-6.5,11750104.0,3353212472.0,2026-10-01
8033,雷虎,TWSE,174.5,5.5,2559779.0,443584769.0,2026-10-01
8039,台虹,TWSE,300.5,27.0,31798678.0,9283785370.0,2026-10-01
8045,達運光電,TWSE,53.9,0.5,75705.0,4064651.0,2026-10-01
8046,南電,TWSE,1340.0,70.0,13649185.0,17635392385.0,2026-10-01
8070,長華*,TWSE,50.2,0.5,942453.0,47300120.0,2026-10-01
8072,陞泰,TWSE,27.85,0.05,99285.0,2757919.0,2026-10-01
8081,致新,TWSE,251.5,-4.0,457504.0,115694171.0,2026-10-01
8101,華冠,TWSE,11.05,0.35,9092.0,98348.0,2026-10-01
8103,瀚荃,TWSE,121.5,4.5,3891707.0,468930126.0,2026-10-01
8104,錸寶,TWSE,32.1,0.7,654927.0,21042139.0,2026-10-01
8105,凌巨,TWSE,16.35,1.45,8120178.0,128435478.0,2026-10-01
8110,華東,TWSE,49.2,0.8,6104836.0,297888267.0,2026-10-01
8112,至上,TWSE,82.8,0.1,5267062.0,436689902.0,2026-10-01
8114,振樺電,TWSE,179.0,0.0,291044.0,52114079.0,2026-10-01
8131,福懋科,TWSE,62.6,1.0,1896520.0,118932616.0,2026-10-01
8150,南茂,TWSE,114.5,10.0,78992086.0,8801572800.0,2026-10-01
8162,微矽電子-創,TWSE,66.8,1.4,495524.0,32862932.0,2026-10-01
8163,達方,TWSE,30.25,0.1,670760.0,20326945.0,2026-10-01
8201,無敵,TWSE,16.05,1.45,1763068.0,27980865.0,2026-10-01
8210,勤誠,TWSE,836.0,-41.0,4742387.0,4014637136.0,2026-10-01
8213,志超,TWSE,34.5,1.7,1000110.0,33888917.0,2026-10-01
8215,明基材,TWSE,29.65,1.65,4627241.0,136746513.0,2026-10-01
8222,寶一,TWSE,35.8,0.5,250901.0,8943958.0,2026-10-01
8249,菱光,TWSE,39.5,0.45,218355.0,8596454.0,2026-10-01
8261,富鼎,TWSE,176.0,-0.5,1185324.0,209254039.0,2026-10-01
8271,宇瞻,TWSE,202.0,2.5,700298.0,140896332.0,2026-10-01
8341,日友,TWSE,74.4,0.1,159705.0,11875301.0,2026-10-01
8367,建新國際,TWSE,40.45,0.4,12141.0,488602.0,2026-10-01
8374,羅昇,TWSE,77.6,1.6,134980.0,10444467.0,2026-10-01
8404,百和興業-KY,TWSE,13.25,0.1,313492.0,4164148.0,2026-10-01
8411,福貞-KY,TWSE,11.9,0.0,347046.0,4077510.0,2026-10-01
8422,可寧衛*,TWSE,25.9,0.4,2700362.0,69574239.0,2026-10-01
8429,金麗-KY,TWSE,5.91,0.06,263105.0,1544940.0,2026-10-01
8438,昶昕,TWSE,80.8,0.8,431834.0,34574704.0,2026-10-01
8442,威宏-KY,TWSE,45.6,0.8,66431.0,3010039.0,2026-10-01
8443,阿瘦,TWSE,11.15,0.0,45352.0,501883.0,2026-10-01
8454,富邦媒,TWSE,240.5,4.5,417352.0,100382796.0,2026-10-01
8462,柏文,TWSE,158.5,1.5,28747.0,4563235.0,2026-10-01
8463,潤泰材,TWSE,21.25,0.3,30140.0,637807.0,2026-10-01
8464,億豐,TWSE,366.5,-6.0,349317.0,128840067.0,2026-10-01
8466,美吉吉-KY,TWSE,15.1,-0.15,31241.0,469847.0,2026-10-01
8467,波力-KY,TWSE,87.7,-0.3,7709.0,680656.0,2026-10-01
8473,山林水,TWSE,39.75,0.25,393467.0,15555634.0,2026-10-01
8476,台境*,TWSE,20.1,0.25,171300.0,3431525.0,2026-10-01
8478,東哥遊艇,TWSE,141.0,2.0,60602.0,8478874.0,2026-10-01
8481,政伸,TWSE,40.95,0.25,9000.0,365750.0,2026-10-01
8482,商億-KY,TWSE,49.2,2.15,6000.0,292350.0,2026-10-01
8487,愛爾達-創,TWSE,70.8,0.4,11006.0,778824.0,2026-10-01
8488,吉源-KY,TWSE,9.95,0.15,19078.0,188672.0,2026-10-01
8499,鼎炫-KY,TWSE,258.0,1.0,14215.0,3673633.0,2026-10-01
8926,台汽電,TWSE,59.2,0.9,1978422.0,116330602.0,2026-10-01
8940,新天地,TWSE,15.1,0.1,42047.0,631616.0,2026-10-01
8996,高力,TWSE,1605.0,20.0,4880876.0,7879740980.0,2026-10-01
9103,美德醫療-DR,TWSE,4.98,0.02,369795.0,1842273.0,2026-10-01
9105,泰金寶-DR,TWSE,8.53,-0.13,26440436.0,229274321.0,2026-10-01
9110,越南控-DR,TWSE,2.99,0.14,8005.0,22464.0,2026-10-01
9136,巨騰-DR,TWSE,9.14,0.01,177001.0,1608730.0,2026-10-01
9802,鈺齊-KY,TWSE,64.8,0.1,489032.0,31587181.0,2026-10-01
9902,台火,TWSE,13.2,0.15,65224.0,862652.0,2026-10-01
9904,寶成,TWSE,24.95,0.15,8192793.0,203796406.0,2026-10-01
9905,大華,TWSE,21.35,0.15,89183.0,1897287.0,2026-10-01
9906,欣巴巴,TWSE,39.45,0.15,21351.0,846162.0,2026-10-01
9907,統一實,TWSE,14.9,0.2,1106791.0,16507854.0,2026-10-01
9908,大台北,TWSE,29.0,0.1,99014.0,2868330.0,2026-10-01
9910,豐泰,TWSE,68.8,-0.3,604415.0,41675572.0,2026-10-01
9911,櫻花,TWSE,81.5,-0.1,180209.0,14704986.0,2026-10-01
9912,偉聯,TWSE,13.1,0.15,15869.0,206801.0,2026-10-01
9914,美利達,TWSE,68.3,1.2,1937571.0,131154520.0,2026-10-01
9917,中保科,TWSE,105.5,0.0,321080.0,33967856.0,2026-10-01
9918,欣天然,TWSE,43.15,0.65,12142.0,522292.0,2026-10-01
9919,康那香,TWSE,13.85,0.15,171604.0,2359641.0,2026-10-01
9921,巨大,TWSE,93.1,-1.0,1131060.0,105836315.0,2026-10-01
9924,福興,TWSE,38.2,0.45,111746.0,4266827.0,2026-10-01
9925,新保,TWSE,39.55,0.1,401737.0,15860772.0,2026-10-01
9926,新海,TWSE,49.1,0.3,19672.0,961884.0,2026-10-01
9927,泰銘,TWSE,70.1,0.2,863826.0,60771713.0,2026-10-01
9928,中視,TWSE,17.75,-0.05,31338.0,554533.0,2026-10-01
9929,秋雨,TWSE,11.1,0.2,13001.0,144760.0,2026-10-01
9930,中聯資源,TWSE,60.2,0.0,207014.0,12445584.0,2026-10-01
9931,欣高,TWSE,34.2,0.5,14641.0,498308.0,2026-10-01
9933,中鼎,TWSE,40.7,0.35,1377637.0,55913652.0,2026-10-01
9934,成霖,TWSE,9.87,0.02,418919.0,4138750.0,2026-10-01
9935,慶豐富,TWSE,18.3,0.1,94453.0,1726863.0,2026-10-01
9937,全國,TWSE,54.5,0.4,22000.0,1196578.0,2026-10-01
9938,百和,TWSE,38.25,0.05,497792.0,19032175.0,2026-10-01
9939,宏全,TWSE,126.0,1.5,1079093.0,134988343.0,2026-10-01
9940,信義,TWSE,20.1,0.2,192092.0,3844002.0,2026-10-01
9941,裕融,TWSE,77.9,-0.4,838459.0,65540245.0,2026-10-01
9942,茂順,TWSE,114.5,1.5,39570.0,4525258.0,2026-10-01
9943,好樂迪,TWSE,50.4,0.2,68891.0,3460481.0,2026-10-01
9944,新麗,TWSE,17.2,0.1,29624.0,507613.0,2026-10-01
9945,潤泰新,TWSE,29.45,0.4,4088023.0,120779897.0,2026-10-01
9946,三發地產,TWSE,17.0,0.15,181251.0,3070156.0,2026-10-01
9955,佳龍,TWSE,23.1,0.4,204353.0,4682771.0,2026-10-01
9958,世紀鋼,TWSE,93.0,0.9,763092.0,70905433.0,2026-10-01
1240,茂生農經,TPEx,54.3,0.5,,,2026-10-01
1259,安心,TPEx,68.1,0.1,,,2026-10-01
1264,德麥,TPEx,245.0,1.0,,,2026-10-01
1268,漢來美食,TPEx,175.0,-0.5,,,2026-10-01
1294,漢田生技,TPEx,50.4,0.2,,,2026-10-01
1295,生合,TPEx,47.4,0.25,,,2026-10-01
1336,台翰,TPEx,17.35,0.55,,,2026-10-01
1565,精華,TPEx,96.5,0.6,,,2026-10-01
1569,濱川,TPEx,62.6,-2.4,,,2026-10-01
1570,力肯,TPEx,33.2,0.2,,,2026-10-01
1580,新麥,TPEx,97.1,0.0,,,2026-10-01
1584,精剛,TPEx,18.85,0.8,,,2026-10-01
1586,和勤,TPEx,17.9,-0.1,,,2026-10-01
1591,駿吉-KY,TPEx,42.75,1.65,,,2026-10-01
1593,祺驊,TPEx,31.7,0.05,,,2026-10-01
1595,川寶,TPEx,85.3,7.7,,,2026-10-01
1599,宏佳騰,TPEx,23.05,0.05,,,2026-10-01
1742,台蠟,TPEx,17.6,-0.1,,,2026-10-01
1777,生泰,TPEx,73.9,-0.1,,,2026-10-01
1780,立弘,TPEx,25.3,0.1,,,2026-10-01
1781,合世,TPEx,9.99,0.0,,,2026-10-01
1784,訊聯,TPEx,61.2,-0.1,,,2026-10-01
1785,光洋科,TPEx,100.5,2.5,,,2026-10-01
1788,杏昌,TPEx,128.0,0.0,,,2026-10-01
1796,金穎生技,TPEx,29.15,0.35,,,2026-10-01
1799,易威,TPEx,29.0,0.6,,,2026-10-01
1813,寶利徠,TPEx,11.3,0.0,,,2026-10-01
1815,富喬,TPEx,116.0,0.0,,,2026-10-01
2035,唐榮,TPEx,26.5,0.0,,,2026-10-01
2061,風青,TPEx,59.8,0.4,,,2026-10-01
2063,世鎧,TPEx,23.5,0.05,,,2026-10-01
2065,世豐,TPEx,35.55,0.4,,,2026-10-01
2066,世德,TPEx,52.2,-0.5,,,2026-10-01
2067,嘉鋼,TPEx,4.91,-0.29,,,2026-10-01
2070,精湛,TPEx,63.3,0.5,,,2026-10-01
2073,雄順,TPEx,25.2,0.0,,,2026-10-01
2221,大甲,TPEx,197.5,17.5,,,2026-10-01
2230,泰茂,TPEx,21.8,0.05,,,2026-10-01
2235,謚源,TPEx,28.0,0.15,,,2026-10-01
2596,綠意,TPEx,35.1,-0.15,,,2026-10-01
2640,大車隊,TPEx,157.0,-1.5,,,2026-10-01
2641,正德,TPEx,17.5,0.2,,,2026-10-01
2643,捷迅,TPEx,62.6,-0.1,,,2026-10-01
2718,全心投控,TPEx,40.45,-0.2,,,2026-10-01
2719,燦星旅,TPEx,19.75,0.55,,,2026-10-01
2726,雅茗-KY,TPEx,8.0,-0.03,,,2026-10-01
2729,瓦城,TPEx,156.0,-2.0,,,2026-10-01
2732,六角,TPEx,63.1,-1.3,,,2026-10-01
2734,易飛網,TPEx,14.45,0.05,,,2026-10-01
2736,富野,TPEx,11.35,0.0,,,2026-10-01
2740,華軒,TPEx,30.15,-0.5,,,2026-10-01
2743,山富,TPEx,53.3,0.0,,,2026-10-01
2745,五福,TPEx,84.9,0.9,,,2026-10-01
2751,王座,TPEx,52.7,0.1,,,2026-10-01
2752,豆府,TPEx,177.0,-0.5,,,2026-10-01
2754,亞洲藏壽司,TPEx,68.0,0.0,,,2026-10-01
2755,揚秦,TPEx,98.9,-0.1,,,2026-10-01
2756,聯發國際,TPEx,62.8,0.3,,,2026-10-01
2916,滿心,TPEx,40.55,0.0,,,2026-10-01
2924,宏太-KY,TPEx,18.3,-0.15,,,2026-10-01
2926,誠品生活,TPEx,30.2,0.65,,,2026-10-01
2937,集雅社,TPEx,44.7,0.0,,,2026-10-01
2938,床的世界,TPEx,18.6,0.05,,,2026-10-01
2941,米斯特,TPEx,31.0,-1.15,,,2026-10-01
2947,振宇五金,TPEx,60.5,0.0,,,2026-10-01
2948,寶陞,TPEx,37.4,0.6,,,2026-10-01
2949,欣新網,TPEx,68.9,4.9,,,2026-10-01
3066,李洲,TPEx,29.2,-0.3,,,2026-10-01
3071,協禧,TPEx,23.05,0.15,,,2026-10-01
3073,天方能源,TPEx,20.6,0.0,,,2026-10-01
3078,僑威,TPEx,46.15,0.5,,,2026-10-01
3081,聯亞,TPEx,2695.0,45.0,,,2026-10-01
3083,網龍,TPEx,22.6,-0.1,,,2026-10-01
3085,新零售,TPEx,12.1,0.7,,,2026-10-01
3086,華義*,TPEx,27.4,-0.3,,,2026-10-01
3088,艾訊,TPEx,133.5,-2.5,,,2026-10-01
3093,港建*,TPEx,44.7,0.8,,,2026-10-01
3095,及成,TPEx,33.5,-0.5,,,2026-10-01
3105,穩懋,TPEx,542.0,49.0,,,2026-10-01
3114,好德,TPEx,34.6,-0.4,,,2026-10-01
3115,富榮綱,TPEx,8.5,-0.1,,,2026-10-01
3118,進階,TPEx,31.3,-0.05,,,2026-10-01
3122,笙泉,TPEx,24.2,0.7,,,2026-10-01
3128,昇銳,TPEx,20.35,0.0,,,2026-10-01
3131,弘塑,TPEx,2525.0,50.0,,,2026-10-01
3141,晶宏,TPEx,85.3,0.1,,,2026-10-01
3147,大綜,TPEx,243.5,0.5,,,2026-10-01
3152,璟德,TPEx,231.0,5.0,,,2026-10-01
3158,嘉實,TPEx,84.9,-0.3,,,2026-10-01
3162,精確,TPEx,85.4,4.5,,,2026-10-01
3163,波若威,TPEx,643.0,-3.0,,,2026-10-01
3169,亞信,TPEx,115.0,-0.5,,,2026-10-01
3171,炎洲流通,TPEx,58.8,0.5,,,2026-10-01
3176,基亞,TPEx,37.7,0.35,,,2026-10-01
3178,公準,TPEx,69.4,0.0,,,2026-10-01
3188,鑫龍騰,TPEx,23.3,-0.15,,,2026-10-01
3191,雲嘉南,TPEx,16.75,0.25,,,2026-10-01
3205,佰研,TPEx,46.8,0.05,,,2026-10-01
3206,志豐,TPEx,34.95,0.4,,,2026-10-01
3207,耀勝,TPEx,38.8,0.55,,,2026-10-01
3211,順達,TPEx,398.5,12.5,,,2026-10-01
3213,茂訊,TPEx,124.5,-1.0,,,2026-10-01
3217,優群,TPEx,130.0,0.0,,,2026-10-01
3218,大學光,TPEx,135.0,1.5,,,2026-10-01
3219,倚強科,TPEx,131.5,6.0,,,2026-10-01
3221,台嘉碩,TPEx,51.2,0.4,,,2026-10-01
3224,三顧,TPEx,31.45,0.45,,,2026-10-01
3226,龍鋒,TPEx,60.4,0.3,,,2026-10-01
3227,原相,TPEx,185.0,-0.5,,,2026-10-01
3228,金麗科,TPEx,182.0,2.0,,,2026-10-01
3230,錦明,TPEx,41.4,-0.3,,,2026-10-01
3232,昱捷,TPEx,20.9,0.1,,,2026-10-01
3234,光環,TPEx,173.0,-1.5,,,2026-10-01
3236,千如,TPEx,44.15,0.05,,,2026-10-01
3252,海灣,TPEx,15.3,-0.15,,,2026-10-01
3259,鑫創,TPEx,10.65,0.94,,,2026-10-01
3260,威剛,TPEx,377.5,0.5,,,2026-10-01
3264,欣銓,TPEx,243.5,2.0,,,2026-10-01
3265,台星科,TPEx,186.0,5.5,,,2026-10-01
3268,海德威,TPEx,21.75,0.25,,,2026-10-01
3272,東碩,TPEx,13.95,0.25,,,2026-10-01
3276,宇環,TPEx,14.05,0.2,,,2026-10-01
3284,太普高,TPEx,19.9,0.5,,,2026-10-01
3285,微端,TPEx,41.5,-0.1,,,2026-10-01
3287,廣寰科,TPEx,42.15,0.95,,,2026-10-01
3288,點晶,TPEx,21.2,0.3,,,2026-10-01
3289,宜特,TPEx,139.5,0.0,,,2026-10-01
3290,東浦,TPEx,52.2,4.4,,,2026-10-01
3293,鈊象,TPEx,788.0,9.0,,,2026-10-01
3294,英濟,TPEx,32.45,-0.45,,,2026-10-01
3297,杭特,TPEx,32.6,-0.25,,,2026-10-01
3303,岱稜,TPEx,48.65,0.3,,,2026-10-01
3306,鼎天,TPEx,48.05,0.45,,,2026-10-01
3310,佳穎,TPEx,68.8,-0.1,,,2026-10-01
3313,斐成,TPEx,10.45,-0.05,,,2026-10-01
3317,尼克森,TPEx,65.2,-0.2,,,2026-10-01
3322,建舜電,TPEx,11.3,0.2,,,2026-10-01
3323,加百裕,TPEx,29.7,0.35,,,2026-10-01
3324,雙鴻,TPEx,1530.0,-100.0,,,2026-10-01
3325,旭品,TPEx,11.9,0.2,,,2026-10-01
3332,幸康,TPEx,63.7,2.8,,,2026-10-01
3339,泰谷,TPEx,45.65,-0.55,,,2026-10-01
3349,寶德,TPEx,19.95,0.0,,,2026-10-01
3354,律勝,TPEx,32.15,2.9,,,2026-10-01
3357,臺慶科,TPEx,204.5,1.5,,,2026-10-01
3360,尚立,TPEx,15.35,0.25,,,2026-10-01
3362,先進光,TPEx,171.0,0.0,,,2026-10-01
3363,上詮,TPEx,649.0,-3.0,,,2026-10-01
3372,典範,TPEx,16.55,0.25,,,2026-10-01
3373,熱映,TPEx,16.0,-0.05,,,2026-10-01
3374,精材,TPEx,454.5,-0.5,,,2026-10-01
3379,彬台,TPEx,27.7,0.4,,,2026-10-01
3388,崇越電,TPEx,85.3,3.7,,,2026-10-01
3390,旭軟,TPEx,22.6,0.3,,,2026-10-01
3402,漢科,TPEx,136.0,5.0,,,2026-10-01
3430,奇鈦科,TPEx,111.5,-1.0,,,2026-10-01
3434,哲固,TPEx,31.4,-0.15,,,2026-10-01
3438,類比科,TPEx,61.9,0.6,,,2026-10-01
3441,聯一光,TPEx,184.5,-0.5,,,2026-10-01
3444,利機,TPEx,81.3,0.7,,,2026-10-01
3455,由田,TPEx,267.0,0.0,,,2026-10-01
3465,進泰電子,TPEx,29.7,0.05,,,2026-10-01
3466,德晉,TPEx,23.9,0.05,,,2026-10-01
3467,台灣精材,TPEx,73.7,-0.9,,,2026-10-01
3479,安勤,TPEx,136.0,-2.5,,,2026-10-01
3483,力致,TPEx,79.1,1.6,,,2026-10-01
3484,崧騰,TPEx,46.55,-0.2,,,2026-10-01
3485,敘豐,TPEx,209.0,8.0,,,2026-10-01
3489,森寶,TPEx,23.35,0.1,,,2026-10-01
3490,單井,TPEx,44.35,-0.75,,,2026-10-01
3491,昇達科,TPEx,1500.0,-10.0,,,2026-10-01
3492,長盛,TPEx,19.15,0.1,,,2026-10-01
3498,陽程,TPEx,229.0,-6.0,,,2026-10-01
3499,環天科,TPEx,13.8,0.1,,,2026-10-01
3508,位速,TPEx,25.9,-0.05,,,2026-10-01
3511,矽瑪,TPEx,19.75,0.3,,,2026-10-01
3512,皇龍,TPEx,19.2,0.0,,,2026-10-01
3516,亞帝歐,TPEx,25.4,0.4,,,2026-10-01
3520,華盈,TPEx,17.35,0.25,,,2026-10-01
3521,台鋼建設,TPEx,11.85,0.1,,,2026-10-01
3522,御嵿,TPEx,12.5,-0.05,,,2026-10-01
3523,迎輝,TPEx,15.0,0.05,,,2026-10-01
3526,凡甲,TPEx,272.0,1.5,,,2026-10-01
3527,聚積,TPEx,53.1,1.5,,,2026-10-01
3529,力旺,TPEx,3305.0,0.0,,,2026-10-01
3531,先益,TPEx,20.9,-0.35,,,2026-10-01
3537,堡達,TPEx,53.3,0.7,,,2026-10-01
3540,曜越,TPEx,23.05,0.35,,,2026-10-01
3541,西柏,TPEx,24.4,-0.05,,,2026-10-01
3546,宇峻,TPEx,72.6,-0.1,,,2026-10-01
3548,兆利,TPEx,77.3,0.2,,,2026-10-01
3551,世禾,TPEx,187.5,1.0,,,2026-10-01
3552,同致,TPEx,44.1,0.65,,,2026-10-01
3555,博士旺,TPEx,168.5,0.5,,,2026-10-01
3556,禾瑞亞,TPEx,58.1,0.2,,,2026-10-01
3558,神準,TPEx,125.0,0.5,,,2026-10-01
3564,其陽,TPEx,50.6,0.2,,,2026-10-01
3567,逸昌,TPEx,26.2,0.4,,,2026-10-01
3570,大塚,TPEx,167.0,0.0,,,2026-10-01
3577,泓格,TPEx,117.5,-4.5,,,2026-10-01
3580,友威科,TPEx,110.5,-0.5,,,2026-10-01
3581,博磊,TPEx,117.0,10.5,,,2026-10-01
3587,閎康,TPEx,238.5,-1.0,,,2026-10-01
3594,磐儀,TPEx,47.9,0.7,,,2026-10-01
3597,映興,TPEx,28.1,0.25,,,2026-10-01
3609,三一東林,TPEx,23.0,-0.5,,,2026-10-01
3611,鼎翰,TPEx,183.0,0.0,,,2026-10-01
3615,安可,TPEx,45.8,4.15,,,2026-10-01
3623,富晶通,TPEx,29.8,0.65,,,2026-10-01
3624,光頡,TPEx,137.5,-2.5,,,2026-10-01
3625,西勝,TPEx,11.15,-0.05,,,2026-10-01
3628,盈正,TPEx,72.7,-0.2,,,2026-10-01
3629,地心引力,TPEx,17.3,0.0,,,2026-10-01
3630,新鉅科,TPEx,26.95,0.3,,,2026-10-01
3631,晟楠,TPEx,40.5,0.55,,,2026-10-01
3632,研勤,TPEx,7.15,-0.04,,,2026-10-01
3646,艾恩特,TPEx,24.95,0.15,,,2026-10-01
3663,鑫科,TPEx,67.8,5.4,,,2026-10-01
3664,安瑞-KY,TPEx,8.86,0.0,,,2026-10-01
3666,光耀,TPEx,25.3,0.0,,,2026-10-01
3672,康聯訊,TPEx,12.35,-0.15,,,2026-10-01
3675,德微,TPEx,330.0,-4.0,,,2026-10-01
3680,家登,TPEx,555.0,7.0,,,2026-10-01
3684,榮昌,TPEx,52.9,-0.5,,,2026-10-01
3685,元創精密,TPEx,35.0,-0.2,,,2026-10-01
3687,歐買尬,TPEx,60.3,0.0,,,2026-10-01
3689,湧德,TPEx,110.5,0.5,,,2026-10-01
3691,碩禾,TPEx,119.5,1.0,,,2026-10-01
3693,營邦,TPEx,687.0,-15.0,,,2026-10-01
3707,漢磊,TPEx,75.7,2.8,,,2026-10-01
3709,鑫聯大投控,TPEx,65.2,1.2,,,2026-10-01
3710,連展投控,TPEx,8.32,-0.2,,,2026-10-01
3713,新晶投控,TPEx,13.9,0.0,,,2026-10-01
3718,中光電投控,TPEx,65.5,0.9,,,2026-10-01
4102,永日,TPEx,18.45,0.1,,,2026-10-01
4105,東洋,TPEx,78.5,-0.3,,,2026-10-01
4107,邦特,TPEx,110.5,0.0,,,2026-10-01
4109,加捷生醫,TPEx,11.05,0.0,,,2026-10-01
4111,濟生,TPEx,28.9,0.1,,,2026-10-01
4113,聯上,TPEx,15.55,0.0,,,2026-10-01
4114,健喬,TPEx,29.55,0.25,,,2026-10-01
4116,明基醫,TPEx,39.8,0.4,,,2026-10-01
4120,友華,TPEx,45.9,-0.2,,,2026-10-01
4121,優盛,TPEx,12.75,0.0,,,2026-10-01
4123,晟德,TPEx,31.25,0.25,,,2026-10-01
4126,太醫,TPEx,78.1,0.2,,,2026-10-01
4127,天良,TPEx,45.6,-1.9,,,2026-10-01
4128,中天,TPEx,15.35,0.35,,,2026-10-01
4129,聯合,TPEx,83.4,0.5,,,2026-10-01
4131,浩泰,TPEx,30.65,-1.3,,,2026-10-01
4138,曜亞,TPEx,54.3,-0.8,,,2026-10-01
4139,馬光-KY,TPEx,41.8,0.15,,,2026-10-01
4147,中裕,TPEx,63.7,0.7,,,2026-10-01
4153,鈺緯,TPEx,31.45,-0.05,,,2026-10-01
4154,樂威科-KY,TPEx,12.5,-0.4,,,2026-10-01
4157,太景*-KY,TPEx,8.89,0.21,,,2026-10-01
4160,訊聯基因,TPEx,39.1,0.05,,,2026-10-01
4161,聿新科,TPEx,21.75,-0.3,,,2026-10-01
4162,智擎,TPEx,55.6,0.2,,,2026-10-01
4163,鐿鈦,TPEx,136.0,1.0,,,2026-10-01
4166,友霖,TPEx,24.1,0.25,,,2026-10-01
4167,松瑞藥,TPEx,19.85,0.3,,,2026-10-01
4168,醣聯,TPEx,22.35,0.65,,,2026-10-01
4171,瑞基,TPEx,16.45,-0.05,,,2026-10-01
4173,久裕,TPEx,17.3,0.2,,,2026-10-01
4174,浩鼎,TPEx,39.2,3.55,,,2026-10-01
4175,杏一,TPEx,51.0,0.5,,,2026-10-01
4183,福永生技,TPEx,13.55,-0.4,,,2026-10-01
4188,安克,TPEx,14.25,0.35,,,2026-10-01
4192,杏國,TPEx,18.65,0.2,,,2026-10-01
4198,欣大健康,TPEx,49.5,-0.4,,,2026-10-01
4205,中華食,TPEx,68.5,0.0,,,2026-10-01
4207,環泰,TPEx,19.35,-0.1,,,2026-10-01
4303,信立,TPEx,33.45,0.05,,,2026-10-01
4304,勝昱,TPEx,17.3,-0.4,,,2026-10-01
4401,東隆興,TPEx,13.9,0.05,,,2026-10-01
4402,郡都開發,TPEx,13.8,-0.35,,,2026-10-01
4406,新昕纖,TPEx,10.3,0.05,,,2026-10-01
4413,飛寶企業,TPEx,20.3,-0.2,,,2026-10-01
4416,三圓,TPEx,13.35,-0.4,,,2026-10-01
4417,金洲,TPEx,49.55,-0.1,,,2026-10-01
4419,皇家美食,TPEx,50.2,1.2,,,2026-10-01
4420,光明,TPEx,36.05,0.25,,,2026-10-01
4430,耀億,TPEx,17.75,-0.05,,,2026-10-01
4432,銘旺實,TPEx,15.4,0.0,,,2026-10-01
4433,興采,TPEx,18.05,0.0,,,2026-10-01
4442,竣邦-KY,TPEx,54.1,0.9,,,2026-10-01
4502,健信,TPEx,15.9,0.2,,,2026-10-01
4503,金雨,TPEx,24.15,0.15,,,2026-10-01
4506,崇友,TPEx,118.0,0.0,,,2026-10-01
4510,高鋒,TPEx,44.0,0.95,,,2026-10-01
4513,福裕,TPEx,16.2,-0.1,,,2026-10-01
4523,永彰,TPEx,23.9,0.05,,,2026-10-01
4528,江興鍛,TPEx,14.95,0.1,,,2026-10-01
4529,淳紳,TPEx,3.33,0.0,,,2026-10-01
4530,天意能創,TPEx,24.75,0.55,,,2026-10-01
4533,協易機,TPEx,25.65,0.15,,,2026-10-01
4534,慶騰,TPEx,30.95,-0.35,,,2026-10-01
4535,至興,TPEx,27.0,0.2,,,2026-10-01
4538,大詠城,TPEx,17.35,-0.2,,,2026-10-01
4541,晟田,TPEx,61.6,2.3,,,2026-10-01
4542,科嶠,TPEx,344.0,5.0,,,2026-10-01
4543,萬在,TPEx,29.45,0.95,,,2026-10-01
4549,桓達,TPEx,97.1,0.9,,,2026-10-01
4550,長佳,TPEx,24.45,0.3,,,2026-10-01
4554,橙的,TPEx,28.25,0.2,,,2026-10-01
4556,旭然,TPEx,101.5,9.1,,,2026-10-01
4558,寶緯,TPEx,16.95,0.05,,,2026-10-01
4561,健椿,TPEx,43.2,1.3,,,2026-10-01
4563,百德,TPEx,51.7,0.3,,,2026-10-01
4568,科際精密,TPEx,39.45,0.4,,,2026-10-01
4577,達航科技,TPEx,92.4,8.4,,,2026-10-01
4580,捷流閥業,TPEx,81.8,0.8,,,2026-10-01
4584,君帆,TPEx,37.0,-0.05,,,2026-10-01
4609,唐鋒,TPEx,4.15,-0.1,,,2026-10-01
4702,中美實,TPEx,9.31,-0.01,,,2026-10-01
4706,大恭,TPEx,33.85,0.0,,,2026-10-01
4707,磐亞,TPEx,30.35,0.7,,,2026-10-01
4711,永純,TPEx,16.35,0.15,,,2026-10-01
4714,永捷,TPEx,12.05,0.25,,,2026-10-01
4716,大立,TPEx,16.85,-0.05,,,2026-10-01
4721,美琪瑪,TPEx,82.5,2.7,,,2026-10-01
4726,永昕,TPEx,22.95,0.3,,,2026-10-01
4728,雙美,TPEx,399.0,-0.5,,,2026-10-01
4729,熒茂,TPEx,20.65,1.85,,,2026-10-01
4735,豪展,TPEx,36.1,-0.1,,,2026-10-01
4741,泓瀚,TPEx,40.8,0.75,,,2026-10-01
4743,合一,TPEx,47.15,1.45,,,2026-10-01
4744,皇將,TPEx,29.2,0.55,,,2026-10-01
4745,合富-KY,TPEx,12.2,0.1,,,2026-10-01
4747,強生*,TPEx,23.6,0.0,,,2026-10-01
4749,新應材,TPEx,766.0,2.0,,,2026-10-01
4754,國碳科,TPEx,37.9,0.2,,,2026-10-01
4760,勤凱,TPEx,262.5,2.5,,,2026-10-01
4767,誠泰科技,TPEx,28.2,-0.1,,,2026-10-01
4768,晶呈科技,TPEx,380.0,22.5,,,2026-10-01
4772,台特化,TPEx,269.0,-2.0,,,2026-10-01
4903,聯光通,TPEx,42.9,0.1,,,2026-10-01
4905,台聯電,TPEx,76.5,-0.2,,,2026-10-01
4907,富宇,TPEx,45.0,-0.25,,,2026-10-01
4908,前鼎,TPEx,207.0,1.5,,,2026-10-01
4909,新復興,TPEx,36.4,0.6,,,2026-10-01
4911,德英,TPEx,28.2,-0.25,,,2026-10-01
4923,力士,TPEx,61.4,0.2,,,2026-10-01
4924,欣厚-KY,TPEx,16.5,1.5,,,2026-10-01
4931,新盛力,TPEx,252.0,6.0,,,2026-10-01
4933,友輝,TPEx,54.4,1.0,,,2026-10-01
4939,亞電,TPEx,82.8,7.5,,,2026-10-01
4946,辣椒,TPEx,101.5,-0.5,,,2026-10-01
4950,金耘國際,TPEx,15.65,0.1,,,2026-10-01
4951,精拓科,TPEx,91.5,1.3,,,2026-10-01
4953,緯致,TPEx,117.0,0.5,,,2026-10-01
4966,譜瑞-KY,TPEx,571.0,2.0,,,2026-10-01
4971,IET-KY,TPEx,539.0,-1.0,,,2026-10-01
4972,湯石照明,TPEx,16.3,-0.05,,,2026-10-01
4973,廣穎,TPEx,138.0,3.0,,,2026-10-01
4974,亞泰,TPEx,71.0,0.4,,,2026-10-01
4979,華星光,TPEx,569.0,2.0,,,2026-10-01
4991,環宇-KY,TPEx,488.0,13.5,,,2026-10-01
4995,晶達,TPEx,50.5,0.4,,,2026-10-01
5009,榮剛,TPEx,33.1,0.5,,,2026-10-01
5011,久陽,TPEx,18.8,0.05,,,2026-10-01
5013,強新,TPEx,38.75,3.5,,,2026-10-01
5014,建錩,TPEx,10.25,0.05,,,2026-10-01
5015,華祺,TPEx,21.9,0.55,,,2026-10-01
5016,松和,TPEx,25.55,0.75,,,2026-10-01
5201,凱衛,TPEx,29.95,0.4,,,2026-10-01
5202,力新,TPEx,14.15,-0.1,,,2026-10-01
5205,中茂,TPEx,18.9,1.7,,,2026-10-01
5206,坤悅,TPEx,22.7,-0.05,,,2026-10-01
5209,新鼎,TPEx,167.5,1.0,,,2026-10-01
5210,寶碩,TPEx,30.6,0.35,,,2026-10-01
5211,蒙恬,TPEx,20.65,0.45,,,2026-10-01
5212,凌網,TPEx,48.9,0.0,,,2026-10-01
5213,亞昕,TPEx,20.9,0.1,,,2026-10-01
5220,萬達光電,TPEx,24.2,2.2,,,2026-10-01
5223,安力-KY,TPEx,23.1,0.1,,,2026-10-01
5227,立凱-KY,TPEx,31.5,0.85,,,2026-10-01
5228,鈺鎧,TPEx,39.75,0.4,,,2026-10-01
5230,雷笛克光學,TPEx,23.35,1.2,,,2026-10-01
5245,智晶,TPEx,20.85,0.25,,,2026-10-01
5251,天鉞電,TPEx,30.0,0.0,,,2026-10-01
5263,智崴,TPEx,89.1,-0.5,,,2026-10-01
5272,笙科,TPEx,18.0,0.85,,,2026-10-01
5274,信驊,TPEx,18750.0,-645.0,,,2026-10-01
5276,達輝-KY,TPEx,17.6,-0.85,,,2026-10-01
5278,尚凡*,TPEx,23.95,0.05,,,2026-10-01
5287,數字,TPEx,137.5,0.0,,,2026-10-01
5289,宜鼎,TPEx,1290.0,10.0,,,2026-10-01
5291,邑昇,TPEx,61.6,2.8,,,2026-10-01
5299,杰力,TPEx,102.5,2.5,,,2026-10-01
5302,太欣,TPEx,9.81,0.09,,,2026-10-01
5309,系統電,TPEx,62.7,3.6,,,2026-10-01
5310,天剛,TPEx,27.6,-1.4,,,2026-10-01
5312,寶島科,TPEx,89.9,0.0,,,2026-10-01
5314,世紀*,TPEx,28.85,1.4,,,2026-10-01
5315,光聯,TPEx,18.75,0.05,,,2026-10-01
5321,美而快,TPEx,67.7,0.2,,,2026-10-01
5324,士開,TPEx,12.45,0.05,,,2026-10-01
5328,華容,TPEx,53.1,0.8,,,2026-10-01
5340,建榮,TPEx,81.0,0.5,,,2026-10-01
5344,立衛,TPEx,13.85,0.5,,,2026-10-01
5345,馥鴻,TPEx,21.5,-0.5,,,2026-10-01
5347,世界,TPEx,181.0,2.5,,,2026-10-01
5348,正能量智能,TPEx,16.35,0.0,,,2026-10-01
5351,鈺創,TPEx,110.5,1.0,,,2026-10-01
5353,台林,TPEx,28.45,0.0,,,2026-10-01
5355,佳總,TPEx,7.05,0.05,,,2026-10-01
5356,協益,TPEx,25.7,0.2,,,2026-10-01
5364,力麗店,TPEx,8.39,0.04,,,2026-10-01
5381,光譜,TPEx,23.65,0.45,,,2026-10-01
5386,青雲,TPEx,290.0,5.0,,,2026-10-01
5392,能率,TPEx,40.1,0.7,,,2026-10-01
5398,慕康生醫,TPEx,13.85,-0.05,,,2026-10-01
5403,中菲,TPEx,92.8,-0.1,,,2026-10-01
5410,國眾,TPEx,32.95,-0.25,,,2026-10-01
5425,台半,TPEx,96.0,0.2,,,2026-10-01
5426,振發,TPEx,28.45,0.65,,,2026-10-01
5432,新門,TPEx,160.0,-0.5,,,2026-10-01
5438,東友,TPEx,17.35,0.35,,,2026-10-01
5439,高技,TPEx,254.0,1.0,,,2026-10-01
5443,均豪,TPEx,113.0,3.5,,,2026-10-01
5450,南良,TPEx,14.8,0.05,,,2026-10-01
5452,佶優,TPEx,27.4,0.25,,,2026-10-01
5457,宣德,TPEx,24.35,0.85,,,2026-10-01
5460,同協,TPEx,17.15,0.25,,,2026-10-01
5464,霖宏,TPEx,88.2,-1.8,,,2026-10-01
5465,富驊,TPEx,33.05,-1.65,,,2026-10-01
5468,凱鈺,TPEx,25.85,0.3,,,2026-10-01
5474,聰泰,TPEx,164.0,6.0,,,2026-10-01
5475,德宏,TPEx,179.5,-1.0,,,2026-10-01
5478,智冠,TPEx,97.1,0.1,,,2026-10-01
5481,新華,TPEx,21.8,-0.2,,,2026-10-01
5483,中美晶,TPEx,207.5,18.5,,,2026-10-01
5487,通泰,TPEx,28.6,0.1,,,2026-10-01
5488,松普,TPEx,12.1,0.35,,,2026-10-01
5489,彩富,TPEx,42.55,0.35,,,2026-10-01
5490,同亨,TPEx,25.65,0.2,,,2026-10-01
5493,三聯,TPEx,90.6,0.0,,,2026-10-01
5498,凱崴,TPEx,51.2,1.35,,,2026-10-01
5508,永信建,TPEx,53.1,0.1,,,2026-10-01
5511,德昌,TPEx,69.6,-0.1,,,2026-10-01
5512,力麒,TPEx,7.71,0.01,,,2026-10-01
5514,三豐,TPEx,15.05,-0.05,,,2026-10-01
5516,雙喜,TPEx,12.0,0.0,,,2026-10-01
5523,豐謙,TPEx,30.35,0.0,,,2026-10-01
5529,鉅陞,TPEx,26.45,-0.05,,,2026-10-01
5530,龍巖,TPEx,48.85,0.1,,,2026-10-01
5536,聖暉*,TPEx,919.0,17.0,,,2026-10-01
5543,桓鼎-KY,TPEx,26.7,-0.25,,,2026-10-01
5547,久舜,TPEx,20.15,0.15,,,2026-10-01
5548,安倉,TPEx,20.15,-0.05,,,2026-10-01
5603,陸海,TPEx,13.35,-0.05,,,2026-10-01
5604,中連,TPEx,31.2,0.25,,,2026-10-01
5609,中菲行,TPEx,78.1,-0.1,,,2026-10-01
5701,劍湖山,TPEx,4.06,-0.01,,,2026-10-01
5703,亞都,TPEx,13.35,-0.55,,,2026-10-01
5704,老爺知,TPEx,22.65,0.15,,,2026-10-01
5864,致和證,TPEx,39.2,2.3,,,2026-10-01
5878,台名,TPEx,37.85,-0.05,,,2026-10-01
5902,德記,TPEx,34.5,0.3,,,2026-10-01
5903,全家,TPEx,186.0,-0.5,,,2026-10-01
5904,寶雅*,TPEx,69.7,0.9,,,2026-10-01
5905,南仁湖,TPEx,7.32,-0.08,,,2026-10-01
6015,宏遠證,TPEx,17.95,0.55,,,2026-10-01
6016,康和證,TPEx,24.3,0.8,,,2026-10-01
6020,大展證,TPEx,20.75,0.25,,,2026-10-01
6021,美好證,TPEx,41.8,0.7,,,2026-10-01
6023,元大期,TPEx,85.0,-1.0,,,2026-10-01
6026,福邦證,TPEx,16.1,0.2,,,2026-10-01
6028,公勝保經,TPEx,99.0,0.2,,,2026-10-01
6101,寬魚國際,TPEx,37.4,0.15,,,2026-10-01
6103,合邦,TPEx,38.3,-3.5,,,2026-10-01
6104,創惟,TPEx,91.5,0.5,,,2026-10-01
6109,亞元,TPEx,10.55,0.2,,,2026-10-01
6111,光聚晶電,TPEx,38.65,0.85,,,2026-10-01
6113,亞矽,TPEx,22.65,0.5,,,2026-10-01
6114,久威,TPEx,23.45,0.2,,,2026-10-01
6118,建達,TPEx,16.05,0.1,,,2026-10-01
6121,新普,TPEx,377.0,-2.5,,,2026-10-01
6122,擎邦,TPEx,60.5,0.8,,,2026-10-01
6123,上奇,TPEx,43.05,-0.15,,,2026-10-01
6124,業強,TPEx,27.2,-0.25,,,2026-10-01
6125,廣運,TPEx,49.9,0.65,,,2026-10-01
6126,信音,TPEx,30.9,0.1,,,2026-10-01
6127,九豪,TPEx,51.7,0.7,,,2026-10-01
6129,普誠,TPEx,14.9,0.25,,,2026-10-01
6130,上亞科技,TPEx,23.75,-0.05,,,2026-10-01
6134,萬旭,TPEx,29.2,-0.05,,,2026-10-01
6138,茂達,TPEx,276.0,-2.5,,,2026-10-01
6140,訊達,TPEx,20.2,-0.55,,,2026-10-01
6143,振曜,TPEx,81.0,0.0,,,2026-10-01
6144,得利影,TPEx,12.55,0.0,,,2026-10-01
6146,耕興,TPEx,181.5,1.5,,,2026-10-01
6147,頎邦,TPEx,209.5,1.0,,,2026-10-01
6148,驊宏資,TPEx,38.1,-0.4,,,2026-10-01
6150,撼訊,TPEx,63.6,1.5,,,2026-10-01
6151,晉倫,TPEx,34.75,0.0,,,2026-10-01
6154,順發,TPEx,14.2,0.05,,,2026-10-01
6156,松上,TPEx,21.85,0.2,,,2026-10-01
6158,禾昌,TPEx,17.2,-0.05,,,2026-10-01
6160,欣技,TPEx,13.9,0.0,,,2026-10-01
6161,捷波,TPEx,51.5,2.5,,,2026-10-01
6163,華電網,TPEx,41.7,0.2,,,2026-10-01
6167,久正,TPEx,10.3,0.1,,,2026-10-01
6169,昱泉,TPEx,12.0,0.0,,,2026-10-01
6170,統振,TPEx,48.65,-0.15,,,2026-10-01
6171,大城地產,TPEx,26.75,0.15,,,2026-10-01
6173,信昌電,TPEx,288.5,-9.0,,,2026-10-01
6174,安碁,TPEx,45.5,0.45,,,2026-10-01
6175,立敦,TPEx,70.4,1.2,,,2026-10-01
6179,亞通,TPEx,36.3,-1.15,,,2026-10-01
6180,橘子,TPEx,41.4,0.3,,,2026-10-01
6182,合晶,TPEx,133.0,12.0,,,2026-10-01
6185,幃翔,TPEx,12.5,0.15,,,2026-10-01
6186,新潤,TPEx,29.15,0.15,,,2026-10-01
6187,萬潤,TPEx,1310.0,0.0,,,2026-10-01
6188,廣明,TPEx,62.1,0.5,,,2026-10-01
6190,萬泰科,TPEx,70.4,1.1,,,2026-10-01
6194,育富,TPEx,29.85,0.25,,,2026-10-01
6195,詩肯,TPEx,28.25,-0.05,,,2026-10-01
6198,瑞築,TPEx,20.05,0.65,,,2026-10-01
6199,天品,TPEx,127.5,1.5,,,2026-10-01
6203,海韻電,TPEx,60.0,0.1,,,2026-10-01
6204,艾華,TPEx,103.0,0.0,,,2026-10-01
6207,雷科,TPEx,151.0,13.5,,,2026-10-01
6208,日揚,TPEx,76.0,1.4,,,2026-10-01
6210,慶生,TPEx,17.9,0.15,,,2026-10-01
6217,中探針,TPEx,176.5,3.5,,,2026-10-01
6218,豪勉,TPEx,61.9,-1.3,,,2026-10-01
6219,富旺,TPEx,12.2,0.05,,,2026-10-01
6220,岳豐,TPEx,25.2,-0.05,,,2026-10-01
6221,晉泰,TPEx,31.0,-1.85,,,2026-10-01
6222,立軒,TPEx,19.3,0.5,,,2026-10-01
6223,旺矽,TPEx,5125.0,-60.0,,,2026-10-01
6227,茂綸,TPEx,132.0,-4.0,,,2026-10-01
6228,全譜,TPEx,18.8,-1.0,,,2026-10-01
6229,研通,TPEx,24.2,0.2,,,2026-10-01
6231,系微,TPEx,235.0,-6.0,,,2026-10-01
6233,旺玖,TPEx,22.8,1.0,,,2026-10-01
6234,高僑,TPEx,39.75,0.85,,,2026-10-01
6236,中湛,TPEx,18.5,0.05,,,2026-10-01
6237,驊訊,TPEx,36.5,0.3,,,2026-10-01
6240,松崗,TPEx,25.55,0.05,,,2026-10-01
6241,鑫永洋,TPEx,16.3,0.75,,,2026-10-01
6242,立康,TPEx,34.05,-0.05,,,2026-10-01
6244,茂迪,TPEx,25.05,1.55,,,2026-10-01
6245,立端,TPEx,87.8,-0.9,,,2026-10-01
6246,臺龍,TPEx,12.85,-0.05,,,2026-10-01
6248,沛波,TPEx,17.15,0.3,,,2026-10-01
6259,百徽,TPEx,30.25,0.95,,,2026-10-01
6261,久元,TPEx,79.1,0.7,,,2026-10-01
6263,普萊德,TPEx,158.5,3.0,,,2026-10-01
6264,富裔,TPEx,6.03,0.02,,,2026-10-01
6265,方土昶,TPEx,48.65,0.85,,,2026-10-01
6266,泰詠,TPEx,25.0,0.15,,,2026-10-01
6270,倍微,TPEx,30.0,-0.25,,,2026-10-01
6274,台燿,TPEx,1520.0,35.0,,,2026-10-01
6275,元山,TPEx,47.15,0.6,,,2026-10-01
6276,安鈦克,TPEx,19.3,-0.15,,,2026-10-01
6279,胡連,TPEx,112.5,1.0,,,2026-10-01
6284,佳邦,TPEx,75.6,-1.4,,,2026-10-01
6290,良維,TPEx,280.0,10.5,,,2026-10-01
6291,沛亨,TPEx,500.0,1.0,,,2026-10-01
6292,迅德,TPEx,66.6,-0.2,,,2026-10-01
6294,智基,TPEx,28.25,0.0,,,2026-10-01
6411,晶焱,TPEx,77.6,0.1,,,2026-10-01
6417,韋僑,TPEx,102.0,0.0,,,2026-10-01
6418,詠昇,TPEx,34.65,0.05,,,2026-10-01
6419,京晨科,TPEx,156.0,4.0,,,2026-10-01
6423,億而得,TPEx,85.9,0.0,,,2026-10-01
6425,易發,TPEx,79.0,5.0,,,2026-10-01
6432,今展科,TPEx,63.5,4.0,,,2026-10-01
6435,大中,TPEx,252.0,-0.5,,,2026-10-01
6441,廣錠,TPEx,24.7,-0.05,,,2026-10-01
6461,益得,TPEx,24.45,0.15,,,2026-10-01
6462,神盾,TPEx,106.0,3.0,,,2026-10-01
6465,威潤,TPEx,41.75,0.3,,,2026-10-01
6469,大樹,TPEx,64.4,-0.1,,,2026-10-01
6470,宇智,TPEx,42.7,0.0,,,2026-10-01
6474,華豫寧,TPEx,35.7,0.2,,,2026-10-01
6482,弘煜科,TPEx,23.5,0.15,,,2026-10-01
6485,點序,TPEx,77.0,7.0,,,2026-10-01
6486,互動,TPEx,80.6,0.0,,,2026-10-01
6488,環球晶,TPEx,1035.0,90.0,,,2026-10-01
6492,生華科,TPEx,34.35,0.2,,,2026-10-01
6494,九齊,TPEx,51.8,1.0,,,2026-10-01
6496,科懋,TPEx,23.65,0.25,,,2026-10-01
6498,久禾光,TPEx,66.8,-0.7,,,2026-10-01
6499,益安,TPEx,77.7,3.2,,,2026-10-01
6506,雙邦,TPEx,18.6,0.1,,,2026-10-01
6508,惠光,TPEx,26.95,-0.05,,,2026-10-01
6509,聚和,TPEx,49.1,0.95,,,2026-10-01
6510,精測,TPEx,3065.0,-75.0,,,2026-10-01
6512,啟發電,TPEx,20.25,0.0,,,2026-10-01
6516,勤崴國際,TPEx,56.5,0.3,,,2026-10-01
6517,保勝光學,TPEx,63.6,0.8,,,2026-10-01
6523,達爾膚,TPEx,91.0,0.6,,,2026-10-01
6527,明達醫,TPEx,75.0,0.0,,,2026-10-01
6530,創威,TPEx,104.5,5.0,,,2026-10-01
6532,瑞耘,TPEx,118.5,10.5,,,2026-10-01
6535,順藥,TPEx,82.2,1.5,,,2026-10-01
6538,倉和,TPEx,356.0,-2.5,,,2026-10-01
6542,隆中,TPEx,40.5,-0.45,,,2026-10-01
6546,正基,TPEx,59.4,0.8,,,2026-10-01
6547,高端疫苗,TPEx,62.4,1.5,,,2026-10-01
6548,長科*,TPEx,72.2,0.4,,,2026-10-01
6556,勝品,TPEx,62.1,0.2,,,2026-10-01
6560,欣普羅,TPEx,32.2,-0.2,,,2026-10-01
6561,是方,TPEx,307.0,-1.5,,,2026-10-01
6568,宏觀,TPEx,142.5,-1.5,,,2026-10-01
6569,醫揚,TPEx,92.2,0.2,,,2026-10-01
6570,維田,TPEx,47.55,-0.2,,,2026-10-01
6574,霈方,TPEx,118.5,-1.0,,,2026-10-01
6576,逸達,TPEx,79.5,-0.2,,,2026-10-01
6577,勁豐,TPEx,80.0,0.6,,,2026-10-01
6578,達邦蛋白,TPEx,16.45,-0.1,,,2026-10-01
6584,南俊國際,TPEx,540.0,-3.0,,,2026-10-01
6588,東典光電,TPEx,108.0,0.5,,,2026-10-01
6590,普鴻,TPEx,65.9,-0.3,,,2026-10-01
6593,台灣銘板,TPEx,32.25,0.0,,,2026-10-01
6596,寬宏藝術,TPEx,97.3,0.4,,,2026-10-01
6597,立誠,TPEx,68.7,0.2,,,2026-10-01
6603,富強鑫,TPEx,28.8,-0.45,,,2026-10-01
6609,瀧澤科,TPEx,39.95,0.35,,,2026-10-01
6612,奈米醫材,TPEx,72.5,0.7,,,2026-10-01
6613,朋億*,TPEx,274.0,4.0,,,2026-10-01
6615,慧智,TPEx,33.5,0.1,,,2026-10-01
6616,特昇-KY,TPEx,8.18,-0.05,,,2026-10-01
6617,共信-KY,TPEx,138.5,5.5,,,2026-10-01
6620,漢達,TPEx,141.0,5.0,,,2026-10-01
6624,萬年清,TPEx,38.25,-0.95,,,2026-10-01
6629,泰金-KY,TPEx,103.5,0.0,,,2026-10-01
6637,醫影,TPEx,53.8,-0.3,,,2026-10-01
6640,均華,TPEx,1040.0,0.0,,,2026-10-01
6642,富致,TPEx,81.7,1.0,,,2026-10-01
6643,M31,TPEx,555.0,50.0,,,2026-10-01
6649,台生材,TPEx,36.5,-0.3,,,2026-10-01
6651,全宇昕,TPEx,146.0,-4.5,,,2026-10-01
6654,天正國際,TPEx,216.0,16.0,,,2026-10-01
6664,群翊,TPEx,376.0,6.0,,,2026-10-01
6667,信紘科,TPEx,262.0,3.0,,,2026-10-01
6679,鈺太,TPEx,206.0,0.0,,,2026-10-01
6680,鑫創電子,TPEx,51.9,0.6,,,2026-10-01
6683,雍智科技,TPEx,1590.0,115.0,,,2026-10-01
6684,安格,TPEx,50.2,-0.7,,,2026-10-01
6690,安碁資訊,TPEx,177.0,-0.5,,,2026-10-01
6692,進能服,TPEx,23.85,0.65,,,2026-10-01
6693,廣閎科,TPEx,211.5,-6.5,,,2026-10-01
6697,東捷資訊,TPEx,41.3,0.2,,,2026-10-01
6703,軒郁,TPEx,100.5,0.5,,,2026-10-01
6708,天擎,TPEx,51.7,4.65,,,2026-10-01
6712,長聖,TPEx,162.0,0.5,,,2026-10-01
6716,應廣,TPEx,114.0,-0.5,,,2026-10-01
6720,久昌,TPEx,127.5,0.0,,,2026-10-01
6721,信實,TPEx,50.0,0.0,,,2026-10-01
6725,矽科宏晟,TPEx,218.0,0.5,,,2026-10-01
6727,亞泰金屬,TPEx,485.0,2.0,,,2026-10-01
6728,上洋,TPEx,109.0,1.0,,,2026-10-01
6730,常廣,TPEx,32.0,0.0,,,2026-10-01
6732,昇佳電子,TPEx,151.5,0.5,,,2026-10-01
6733,博晟生醫,TPEx,24.95,-0.15,,,2026-10-01
6735,美達科技,TPEx,67.3,2.4,,,2026-10-01
6739,竹陞科技,TPEx,1135.0,10.0,,,2026-10-01
6741,91APP*-KY,TPEx,55.1,-0.3,,,2026-10-01
6751,智聯服務,TPEx,44.5,-0.45,,,2026-10-01
6752,叡揚,TPEx,96.0,0.1,,,2026-10-01
6761,穩得,TPEx,165.0,1.5,,,2026-10-01
6762,達亞,TPEx,158.0,-1.0,,,2026-10-01
6763,綠界科技*,TPEx,41.3,0.15,,,2026-10-01
6767,台微醫,TPEx,24.5,0.05,,,2026-10-01
6785,昱展新藥,TPEx,95.1,-1.1,,,2026-10-01
6788,華景電,TPEx,349.0,4.5,,,2026-10-01
6791,虎門科技,TPEx,99.5,0.4,,,2026-10-01
6803,崑鼎,TPEx,267.0,0.5,,,2026-10-01
6804,明係,TPEx,18.35,0.25,,,2026-10-01
6811,宏碁資訊,TPEx,240.5,1.0,,,2026-10-01
6821,聯寶,TPEx,42.8,1.85,,,2026-10-01
6823,濾能,TPEx,60.8,-2.2,,,2026-10-01
6829,千附精密,TPEx,208.5,0.0,,,2026-10-01
6840,東研信超,TPEx,98.9,-0.6,,,2026-10-01
6841,長佳智能,TPEx,58.8,3.5,,,2026-10-01
6843,進典,TPEx,38.55,0.2,,,2026-10-01
6844,諾貝兒,TPEx,57.5,0.1,,,2026-10-01
6846,綠茵,TPEx,58.5,0.3,,,2026-10-01
6855,數泓科,TPEx,116.0,2.0,,,2026-10-01
6856,鑫傳,TPEx,42.0,0.2,,,2026-10-01
6859,伯特光,TPEx,120.5,0.5,,,2026-10-01
6865,偉康科技,TPEx,29.15,1.15,,,2026-10-01
6870,騰雲,TPEx,323.5,-7.0,,,2026-10-01
6872,浩宇生醫,TPEx,24.05,0.05,,,2026-10-01
6874,倍力,TPEx,69.8,-0.4,,,2026-10-01
6875,國邑*,TPEx,31.35,0.0,,,2026-10-01
6877,鏵友益,TPEx,126.0,-2.0,,,2026-10-01
6881,潤德,TPEx,214.5,0.0,,,2026-10-01
6884,海柏特,TPEx,30.55,-0.55,,,2026-10-01
6894,衛司特,TPEx,361.0,-1.0,,,2026-10-01
6895,宏碩系統,TPEx,151.5,6.5,,,2026-10-01
6899,創為精密,TPEx,49.8,0.3,,,2026-10-01
6903,巨漢,TPEx,315.5,11.0,,,2026-10-01
6904,伯鑫,TPEx,123.0,1.5,,,2026-10-01
6907,雅特力-KY,TPEx,188.0,7.5,,,2026-10-01
6910,德鴻,TPEx,26.95,0.45,,,2026-10-01
6913,鴻呈,TPEx,128.5,1.5,,,2026-10-01
6922,宸曜,TPEx,221.0,-4.0,,,2026-10-01
6925,意藍,TPEx,73.8,-1.2,,,2026-10-01
6929,佑全,TPEx,21.8,0.15,,,2026-10-01
6945,圓祥生技,TPEx,148.5,8.5,,,2026-10-01
6953,家碩,TPEx,245.0,4.0,,,2026-10-01
6961,旅天下,TPEx,48.1,0.45,,,2026-10-01
6967,汎瑋材料,TPEx,70.2,3.0,,,2026-10-01
6968,萬達寵物,TPEx,41.45,-0.1,,,2026-10-01
6971,惠民實業,TPEx,23.5,-0.2,,,2026-10-01
6982,大井泵浦,TPEx,44.1,0.6,,,2026-10-01
6983,華洋精機,TPEx,348.0,2.0,,,2026-10-01
6986,和迅,TPEx,44.05,0.05,,,2026-10-01
6996,力領科技,TPEx,169.5,1.0,,,2026-10-01
6997,博弘,TPEx,67.0,-1.0,,,2026-10-01
7402,邑錡,TPEx,101.0,1.9,,,2026-10-01
7547,碩網,TPEx,64.8,-0.5,,,2026-10-01
7556,意德士,TPEx,264.5,-3.0,,,2026-10-01
7584,樂意,TPEx,28.7,-0.25,,,2026-10-01
7642,昶瑞機電,TPEx,68.5,0.0,,,2026-10-01
7703,銳澤,TPEx,201.5,2.0,,,2026-10-01
7704,明遠精密,TPEx,61.4,0.1,,,2026-10-01
7708,全家餐飲,TPEx,92.2,0.3,,,2026-10-01
7709,榮田,TPEx,86.3,-0.2,,,2026-10-01
7712,博盛半導體,TPEx,161.0,0.0,,,2026-10-01
7713,威力德生醫,TPEx,74.3,0.2,,,2026-10-01
7714,創泓科技,TPEx,172.0,10.0,,,2026-10-01
7715,裕山,TPEx,28.4,0.8,,,2026-10-01
7716,昱臺國際,TPEx,23.9,0.0,,,2026-10-01
7717,萊德光電-KY,TPEx,604.0,12.0,,,2026-10-01
7718,友鋮,TPEx,45.8,-0.9,,,2026-10-01
7723,築間,TPEx,18.4,0.1,,,2026-10-01
7728,光焱科技,TPEx,667.0,60.0,,,2026-10-01
7734,印能科技,TPEx,2665.0,-15.0,,,2026-10-01
7738,東聯互動,TPEx,155.5,-0.5,,,2026-10-01
7743,金利食安,TPEx,25.0,0.7,,,2026-10-01
7744,崴寶,TPEx,523.0,0.0,,,2026-10-01
7747,昕奇雲端,TPEx,111.5,0.5,,,2026-10-01
7751,竑騰,TPEx,1625.0,70.0,,,2026-10-01
7753,星亞,TPEx,35.6,0.0,,,2026-10-01
7757,金色三麥,TPEx,90.2,-0.3,,,2026-10-01
7767,仁大資訊,TPEx,46.3,0.1,,,2026-10-01
7770,君曜,TPEx,42.6,-0.35,,,2026-10-01
7772,耀穎,TPEx,176.0,0.0,,,2026-10-01
7777,能率亞洲,TPEx,38.0,2.4,,,2026-10-01
7782,光速火箭,TPEx,25.25,0.3,,,2026-10-01
7792,安葆,TPEx,424.0,8.0,,,2026-10-01
7794,宏碁智新,TPEx,30.6,0.35,,,2026-10-01
7805,威聯通,TPEx,494.0,5.0,,,2026-10-01
7810,捷創科技,TPEx,235.0,7.5,,,2026-10-01
7811,民盛,TPEx,73.5,0.0,,,2026-10-01
7814,海昌生技,TPEx,28.25,-0.15,,,2026-10-01
7819,精誠金融,TPEx,33.7,-0.6,,,2026-10-01
7820,立盈,TPEx,110.5,2.0,,,2026-10-01
7825,和亞智慧,TPEx,84.4,0.8,,,2026-10-01
7828,創新服務,TPEx,1885.0,-15.0,,,2026-10-01
7839,達人網,TPEx,43.2,-0.1,,,2026-10-01
7842,天能綠電,TPEx,98.3,-0.3,,,2026-10-01
7856,漢測,TPEx,4250.0,-65.0,,,2026-10-01
8024,佑華,TPEx,12.55,0.0,,,2026-10-01
8027,鈦昇,TPEx,222.0,20.0,,,2026-10-01
8032,光菱,TPEx,36.2,0.4,,,2026-10-01
8034,榮群,TPEx,20.35,-0.15,,,2026-10-01
8038,長園科,TPEx,34.6,2.15,,,2026-10-01
8040,九暘,TPEx,98.5,-1.5,,,2026-10-01
8042,金山電,TPEx,111.5,0.0,,,2026-10-01
8043,蜜望實,TPEx,130.5,-1.0,,,2026-10-01
8044,網家,TPEx,24.3,0.2,,,2026-10-01
8047,星雲,TPEx,50.8,-0.2,,,2026-10-01
8048,德勝,TPEx,50.6,0.2,,,2026-10-01
8049,晶采,TPEx,24.6,0.1,,,2026-10-01
8050,廣積,TPEx,63.6,-2.1,,,2026-10-01
8054,安國,TPEx,88.6,1.4,,,2026-10-01
8059,凱碩,TPEx,17.15,-0.15,,,2026-10-01
8064,東捷,TPEx,145.5,4.0,,,2026-10-01
8066,來思達,TPEx,15.15,0.15,,,2026-10-01
8067,志旭,TPEx,12.35,0.05,,,2026-10-01
8068,全達,TPEx,17.75,0.15,,,2026-10-01
8069,元太,TPEx,144.0,1.5,,,2026-10-01
8071,能率網通,TPEx,22.05,0.2,,,2026-10-01
8074,鉅橡,TPEx,51.6,0.8,,,2026-10-01
8076,伍豐,TPEx,21.8,0.3,,,2026-10-01
8077,洛碁,TPEx,42.15,-0.65,,,2026-10-01
8080,泰霖,TPEx,27.8,-0.2,,,2026-10-01
8083,瑞穎,TPEx,156.0,0.5,,,2026-10-01
8084,巨虹,TPEx,26.85,-2.95,,,2026-10-01
8085,福華,TPEx,14.4,0.15,,,2026-10-01
8086,宏捷科,TPEx,114.5,4.5,,,2026-10-01
8087,麗升能源,TPEx,22.8,-0.2,,,2026-10-01
8088,品安,TPEx,44.4,2.15,,,2026-10-01
8089,康全電訊,TPEx,19.5,0.35,,,2026-10-01
8091,翔名,TPEx,217.0,-3.0,,,2026-10-01
8092,建暐,TPEx,12.6,0.05,,,2026-10-01
8093,保銳,TPEx,23.65,-0.2,,,2026-10-01
8096,擎亞,TPEx,88.3,-0.4,,,2026-10-01
8097,常珵,TPEx,48.5,0.35,,,2026-10-01
8099,大世科,TPEx,59.6,-0.2,,,2026-10-01
8102,傑霖科技,TPEx,59.9,0.4,,,2026-10-01
8107,大億金茂,TPEx,12.0,-0.05,,,2026-10-01
8109,博大,TPEx,135.0,0.5,,,2026-10-01
8111,立碁,TPEx,79.3,-0.4,,,2026-10-01
8121,越峰,TPEx,31.5,-0.4,,,2026-10-01
8147,正淩,TPEx,158.5,10.5,,,2026-10-01
8155,博智,TPEx,316.0,10.0,,,2026-10-01
8171,天宇,TPEx,20.8,0.2,,,2026-10-01
8176,智捷,TPEx,9.76,-0.02,,,2026-10-01
8182,加高,TPEx,41.4,0.2,,,2026-10-01
8227,巨有科技,TPEx,370.5,33.5,,,2026-10-01
8234,新漢,TPEx,62.6,0.5,,,2026-10-01
8240,華宏,TPEx,57.3,2.8,,,2026-10-01
8255,朋程,TPEx,147.0,2.0,,,2026-10-01
8272,全景軟體,TPEx,64.5,-1.0,,,2026-10-01
8277,商丞,TPEx,15.5,-0.1,,,2026-10-01
8279,生展,TPEx,78.0,-0.7,,,2026-10-01
8284,三竹,TPEx,68.0,0.0,,,2026-10-01
8289,泰藝,TPEx,46.4,0.35,,,2026-10-01
8291,尚茂,TPEx,28.55,-0.35,,,2026-10-01
8299,群聯,TPEx,2150.0,35.0,,,2026-10-01
8342,益張,TPEx,83.5,0.0,,,2026-10-01
8349,恒耀,TPEx,40.4,0.8,,,2026-10-01
8354,冠好,TPEx,16.9,0.0,,,2026-10-01
8358,金居,TPEx,495.0,-3.0,,,2026-10-01
8383,千附,TPEx,68.4,0.8,,,2026-10-01
8390,金益鼎,TPEx,90.4,1.0,,,2026-10-01
8401,白紗科,TPEx,22.75,0.0,,,2026-10-01
8403,盛弘,TPEx,18.95,-0.1,,,2026-10-01
8409,商之器,TPEx,18.0,0.0,,,2026-10-01
8410,森田,TPEx,27.8,-0.2,,,2026-10-01
8415,大國鋼,TPEx,35.2,0.05,,,2026-10-01
8416,實威,TPEx,169.0,0.0,,,2026-10-01
8421,旭源,TPEx,12.95,0.1,,,2026-10-01
8423,保綠-KY,TPEx,18.2,0.15,,,2026-10-01
8424,惠普,TPEx,70.7,0.7,,,2026-10-01
8426,紅木-KY,TPEx,20.65,0.0,,,2026-10-01
8431,匯鑽科,TPEx,66.8,0.5,,,2026-10-01
8432,東生華,TPEx,50.7,0.1,,,2026-10-01
8433,弘帆,TPEx,52.8,-0.2,,,2026-10-01
8435,鉅邁,TPEx,53.4,0.4,,,2026-10-01
8436,大江,TPEx,106.5,1.0,,,2026-10-01
8437,大地-KY,TPEx,10.2,0.1,,,2026-10-01
8440,綠電,TPEx,20.35,,,,2026-10-01
8444,綠河-KY,TPEx,4.35,-0.05,,,2026-10-01
8446,華研,TPEx,84.8,0.4,,,2026-10-01
8450,霹靂,TPEx,14.3,-0.1,,,2026-10-01
8455,大拓-KY,TPEx,22.1,0.0,,,2026-10-01
8472,納維康,TPEx,69.5,-3.6,,,2026-10-01
8477,創業家,TPEx,14.1,0.0,,,2026-10-01
8489,三貝德,TPEx,22.45,0.2,,,2026-10-01
8905,裕國,TPEx,34.65,-0.5,,,2026-10-01
8906,花王,TPEx,28.6,-0.2,,,2026-10-01
8908,欣雄,TPEx,40.35,0.1,,,2026-10-01
8916,光隆,TPEx,41.05,-0.05,,,2026-10-01
8917,欣泰,TPEx,53.7,-0.8,,,2026-10-01
8921,沈氏,TPEx,16.8,-0.25,,,2026-10-01
8923,時報,TPEx,18.0,-0.45,,,2026-10-01
8924,大田,TPEx,49.45,0.05,,,2026-10-01
8927,北基,TPEx,18.75,-0.05,,,2026-10-01
8928,鉅明,TPEx,22.95,0.05,,,2026-10-01
8929,富堡,TPEx,13.2,0.3,,,2026-10-01
8930,青鋼,TPEx,28.75,0.05,,,2026-10-01
8931,大汽電,TPEx,43.25,0.1,,,2026-10-01
8932,智通*,TPEx,92.6,-0.8,,,2026-10-01
8933,愛地雅,TPEx,4.5,-0.08,,,2026-10-01
8935,邦泰,TPEx,19.65,0.35,,,2026-10-01
8936,國統,TPEx,52.6,0.7,,,2026-10-01
8937,合騏*,TPEx,26.2,1.1,,,2026-10-01
8938,明安,TPEx,52.6,-0.1,,,2026-10-01
8941,關中,TPEx,43.8,-0.2,,,2026-10-01
8942,森鉅,TPEx,40.2,0.0,,,2026-10-01
9949,琉園,TPEx,24.3,0.05,,,2026-10-01
9950,萬國通,TPEx,10.2,-0.05,,,2026-10-01
9951,皇田,TPEx,47.0,-0.1,,,2026-10-01
9960,邁達康,TPEx,41.5,0.3,,,2026-10-01
9962,有益,TPEx,10.35,0.2,,,2026-10-01
