stock_id,date,foreign_net,trust_net,dealer_proprietary_net,dealer_hedge_net,hedge_data_available
3481,2026-09-30,99099103,0,3942000,3239060,True
2409,2026-09-30,67780477,150000,407995,2582789,True
6770,2026-09-30,58591449,28000,809000,2368113,True
1101,2026-09-30,52829071,4828000,256000,694291,True
2002,2026-09-30,54063900,-69000,210485,145818,True
1314,2026-09-30,41405059,0,1038880,0,True
2344,2026-09-30,37711465,-37000,763328,586434,True
1301,2026-09-30,29049174,486000,304000,742416,True
1605,2026-09-30,19092890,3342000,-8000,908692,True
8150,2026-09-30,21838869,0,454000,609786,True
6116,2026-09-30,13194494,0,154000,1634523,True
2618,2026-09-30,12172811,1099421,129148,463119,True
3576,2026-09-30,12758273,0,151989,0,True
2408,2026-09-30,11753186,162000,439985,167237,True
2337,2026-09-30,10510509,-35000,172000,119460,True
1718,2026-09-30,9595285,-17000,11802,214380,True
1303,2026-09-30,2373998,6195000,313778,819217,True
6505,2026-09-30,3074327,6162000,222891,66137,True
2610,2026-09-30,5077013,4247000,93000,99298,True
1326,2026-09-30,8738834,0,47000,721606,True
1312,2026-09-30,8891378,0,-575000,433290,True
2323,2026-09-30,8058383,100,40000,170000,True
2371,2026-09-30,6699133,-24000,304000,617725,True
1709,2026-09-30,6970567,0,19000,1599,True
2609,2026-09-30,6595103,44000,2000,173058,True
1802,2026-09-30,5642798,-101000,56000,253532,True
2892,2026-09-30,1060758,4389000,98195,8000,True
6456,2026-09-30,5754197,0,-67000,-212644,True
2887,2026-09-30,1851421,2204000,7000,712917,True
4763,2026-09-30,4392582,10000,8000,293260,True
1714,2026-09-30,4552821,-16000,-73000,187106,True
2317,2026-09-30,4632457,-236000,36750,185435,True
2354,2026-09-30,4190775,0,8000,127224,True
1409,2026-09-30,4112748,-1000,-397000,243954,True
1310,2026-09-30,3896352,0,-19000,0,True
2014,2026-09-30,3833699,0,6000,0,True
6257,2026-09-30,3351064,70000,-21467,-17995,True
2412,2026-09-30,2852275,-15000,29000,35000,True
2105,2026-09-30,2491642,82047,-3787,164974,True
1102,2026-09-30,2459195,74479,18000,163838,True
2324,2026-09-30,1966891,0,53178,669417,True
2104,2026-09-30,2681161,0,4000,0,True
3711,2026-09-30,2964594,-401000,34798,75363,True
1402,2026-09-30,1155988,1084000,210000,4061,True
2369,2026-09-30,2437221,0,15000,1284,True
2303,2026-09-30,-591631,4213000,-1375000,204003,True
2340,2026-09-30,1556687,0,555940,276233,True
2312,2026-09-30,2228936,0,67000,80217,True
6239,2026-09-30,1847863,5000,22188,355622,True
3049,2026-09-30,2166944,100,-6000,31850,True
2890,2026-09-30,-117911,1601000,60463,612502,True
1304,2026-09-30,2044398,0,8000,-56,True
2353,2026-09-30,1724075,92000,19000,198952,True
6120,2026-09-30,1975500,0,0,38276,True
3714,2026-09-30,1796272,0,91000,3236,True
2330,2026-09-30,702594,761722,243777,156122,True
9945,2026-09-30,1872873,8000,8000,-32882,True
2615,2026-09-30,1594141,0,33515,178045,True
2367,2026-09-30,1578636,0,53000,92166,True
2352,2026-09-30,1683906,-22000,-4000,46047,True
2329,2026-09-30,1721893,0,-9000,-9876,True
2332,2026-09-30,1606144,0,86455,0,True
2880,2026-09-30,764456,84000,45938,797727,True
3311,2026-09-30,1641484,0,25113,0,True
2103,2026-09-30,1673259,0,5000,-105400,True
3045,2026-09-30,1445390,-320998,201597,202276,True
3189,2026-09-30,851717,610000,24242,26820,True
8046,2026-09-30,923972,427000,78658,47197,True
1608,2026-09-30,1456835,-4938,4000,1065,True
6005,2026-09-30,1452291,0,0,0,True
1710,2026-09-30,1479443,0,-1000,-26664,True
2634,2026-09-30,1239851,-10000,84000,117156,True
2485,2026-09-30,1366893,54,17000,1585,True
8422,2026-09-30,1355000,0,11000,-5000,True
5876,2026-09-30,-24621,1099000,34000,225870,True
1444,2026-09-30,1544730,-14000,-210000,0,True
4906,2026-09-30,756223,0,54000,460611,True
6278,2026-09-30,1510920,-69000,-92000,-93167,True
3034,2026-09-30,1302711,-132407,7925,78323,True
2451,2026-09-30,1181862,5700,7000,14762,True
1810,2026-09-30,1191672,0,2000,0,True
1513,2026-09-30,1123276,6000,10000,38177,True
1313,2026-09-30,1159419,0,3000,0,True
1305,2026-09-30,1199420,0,-37000,-568,True
4927,2026-09-30,1146105,0,3000,0,True
2404,2026-09-30,-95009,1162000,6801,54175,True
6196,2026-09-30,1107201,0,9000,11604,True
2025,2026-09-30,1070447,0,3155,0,True
6691,2026-09-30,956886,57000,15300,35062,True
4904,2026-09-30,808308,-4000,70000,179784,True
2010,2026-09-30,1049267,0,4000,-2000,True
2388,2026-09-30,1020973,30000,-2000,-16954,True
6269,2026-09-30,1016779,0,-10482,2290,True
2009,2026-09-30,965898,0,1000,34986,True
1905,2026-09-30,963568,0,14000,2110,True
6949,2026-09-30,1153455,0,-100000,-78238,True
2308,2026-09-30,264988,502300,125785,72301,True
6962,2026-09-30,922991,30000,0,-443,True
2466,2026-09-30,926030,-2000,15544,0,True
2401,2026-09-30,935273,30000,-77000,21431,True
4142,2026-09-30,903304,0,4000,0,True
0052,2026-09-30,-3289323,0,1240000,2953359,True
1309,2026-09-30,910294,0,-11000,2467,True
1609,2026-09-30,809231,0,4000,78438,True
1617,2026-09-30,891568,0,-3694,0,True
2515,2026-09-30,905804,0,-18000,0,True
8131,2026-09-30,859142,0,2000,23155,True
1229,2026-09-30,837253,0,33913,3970,True
2313,2026-09-30,429974,595000,-135000,-16837,True
2527,2026-09-30,824375,0,2000,-963,True
6139,2026-09-30,773168,-23000,-1839,65913,True
2464,2026-09-30,729060,0,18000,49503,True
4989,2026-09-30,793714,0,-20000,5153,True
3605,2026-09-30,1206450,0,-104000,-335029,True
2603,2026-09-30,312932,360676,12000,76166,True
1308,2026-09-30,779241,0,-20000,-4000,True
1440,2026-09-30,747029,0,8000,0,True
4526,2026-09-30,739000,0,0,13646,True
1717,2026-09-30,-15659,650000,-62000,175162,True
3518,2026-09-30,719000,0,24836,0,True
2406,2026-09-30,735409,-5900,0,10891,True
1708,2026-09-30,688384,-3000,1000,42322,True
6672,2026-09-30,555228,-1000,10000,161203,True
3037,2026-09-30,595770,308400,-200385,10514,True
1316,2026-09-30,711836,0,0,0,True
2637,2026-09-30,678990,-280,13673,1515,True
2457,2026-09-30,640544,0,4000,45000,True
2328,2026-09-30,697297,0,-7000,-3996,True
2363,2026-09-30,632551,30000,7000,12645,True
2393,2026-09-30,687457,12149,-24000,1875,True
1612,2026-09-30,653975,-4560,11000,100,True
8926,2026-09-30,344520,241000,5185,63843,True
6153,2026-09-30,504488,0,146000,0,True
1434,2026-09-30,615148,0,26000,0,True
2374,2026-09-30,599049,0,0,830,True
2614,2026-09-30,606614,0,-8000,0,True
3543,2026-09-30,594817,0,-1,0,True
4540,2026-09-30,593747,0,0,0,True
5608,2026-09-30,596361,0,-7000,0,True
3591,2026-09-30,585273,0,-1000,0,True
2402,2026-09-30,471644,0,4000,91146,True
6589,2026-09-30,535142,0,2000,0,True
8033,2026-09-30,507446,-3000,21396,0,True
1476,2026-09-30,334887,182000,3161,606,True
2258,2026-09-30,500183,0,9000,-9000,True
6152,2026-09-30,496420,0,1000,0,True
2031,2026-09-30,483081,-3897,16000,170,True
2331,2026-09-30,489000,0,4000,0,True
2241,2026-09-30,489076,0,0,0,True
4746,2026-09-30,485790,0,0,0,True
2023,2026-09-30,493198,0,-11000,0,True
6285,2026-09-30,430625,-4000,0,51801,True
3665,2026-09-30,-647888,1118200,-11195,19036,True
1504,2026-09-30,515347,-7000,-20000,-11410,True
2889,2026-09-30,569439,0,-95000,0,True
4912,2026-09-30,474172,19,0,0,True
4919,2026-09-30,152500,30000,205743,82585,True
3033,2026-09-30,572300,-4686,-159000,61579,True
6438,2026-09-30,440109,16,0,26922,True
2426,2026-09-30,551389,0,-99000,5464,True
4967,2026-09-30,456104,-3000,-9000,6987,True
2017,2026-09-30,445630,0,2000,0,True
6742,2026-09-30,444568,0,-526,0,True
1455,2026-09-30,440843,0,0,0,True
2913,2026-09-30,434000,0,3000,0,True
3062,2026-09-30,423091,0,9000,4000,True
6168,2026-09-30,424080,100,2000,-275,True
1904,2026-09-30,409253,0,16000,0,True
1773,2026-09-30,368494,0,26393,21075,True
2338,2026-09-30,470010,0,2000,-60082,True
2419,2026-09-30,411187,79,3000,-5000,True
2316,2026-09-30,381046,-2000,9000,5755,True
3041,2026-09-30,381676,0,-1000,0,True
3051,2026-09-30,367000,0,11000,0,True
2427,2026-09-30,376976,0,0,0,True
6108,2026-09-30,364230,0,10000,0,True
2379,2026-09-30,257578,188000,-77008,1255,True
2478,2026-09-30,380951,-2000,1000,-12083,True
3563,2026-09-30,333773,0,-12955,26828,True
2905,2026-09-30,337784,0,8000,0,True
8070,2026-09-30,338387,-3370,9000,-424,True
1611,2026-09-30,340535,0,3000,0,True
6191,2026-09-30,362566,-27000,3889,-1449,True
4934,2026-09-30,312000,0,20000,0,True
1529,2026-09-30,334265,0,-6000,0,True
8104,2026-09-30,327047,0,0,0,True
3535,2026-09-30,297719,13,0,28188,True
5521,2026-09-30,314363,0,3000,0,True
3042,2026-09-30,82562,477000,-404002,159633,True
7780,2026-09-30,311521,0,0,-8,True
3047,2026-09-30,325452,0,-14000,0,True
6176,2026-09-30,311721,0,-2533,1862,True
3312,2026-09-30,305404,65,1000,540,True
3059,2026-09-30,294624,0,9000,3342,True
2855,2026-09-30,291645,11915,0,0,True
2633,2026-09-30,-64610,357000,11000,0,True
8215,2026-09-30,274531,-12000,-2000,37517,True
1503,2026-09-30,280147,4000,1000,4386,True
1218,2026-09-30,284000,0,2000,0,True
3023,2026-09-30,275452,-2000,1475,9886,True
2455,2026-09-30,249306,0,24472,10102,True
2349,2026-09-30,283683,0,0,0,True
2392,2026-09-30,223800,0,38942,13493,True
1216,2026-09-30,-12538,-12000,24392,276170,True
2801,2026-09-30,-1032141,1304000,51000,-46991,True
4564,2026-09-30,262976,0,11000,0,True
1722,2026-09-30,287835,-1000,-15000,304,True
4916,2026-09-30,235328,35,2000,31414,True
3017,2026-09-30,84250,184000,27070,-34161,True
2405,2026-09-30,261015,43,0,0,True
2342,2026-09-30,338050,0,-85788,5628,True
2645,2026-09-30,234752,0,995,14441,True
3029,2026-09-30,231708,-1660,10836,9000,True
2915,2026-09-30,236620,0,13000,0,True
9907,2026-09-30,323346,-8905,-65000,0,True
3645,2026-09-30,216003,16,0,32830,True
2606,2026-09-30,216969,3000,22907,2383,True
6541,2026-09-30,245060,0,0,0,True
4968,2026-09-30,211520,30000,0,2055,True
3015,2026-09-30,253348,-9000,-3000,0,True
2365,2026-09-30,240000,37,0,0,True
6743,2026-09-30,238704,0,-2000,0,True
2547,2026-09-30,131000,0,100000,0,True
2543,2026-09-30,227695,0,1000,0,True
6491,2026-09-30,235306,0,2000,-8759,True
1515,2026-09-30,228000,-3000,3000,0,True
2491,2026-09-30,229000,-1000,-2000,0,True
2302,2026-09-30,199530,-1961,20000,6913,True
1307,2026-09-30,226419,-5000,7000,-5000,True
2483,2026-09-30,217000,0,5001,0,True
2375,2026-09-30,221287,-1000,1000,-118,True
4958,2026-09-30,655872,-253000,-77002,-106346,True
2034,2026-09-30,-52567,0,260000,10905,True
6861,2026-09-30,171000,0,0,46447,True
2101,2026-09-30,201008,0,16000,0,True
6165,2026-09-30,217000,0,-1000,0,True
6197,2026-09-30,194304,0,-9000,30130,True
1907,2026-09-30,230831,0,-16000,0,True
6142,2026-09-30,212000,0,1000,0,True
6789,2026-09-30,142973,1000,805,67943,True
2355,2026-09-30,199000,0,10000,2014,True
6164,2026-09-30,209000,0,0,0,True
4977,2026-09-30,221082,0,-41000,24049,True
2385,2026-09-30,172162,-18586,6000,42187,True
8213,2026-09-30,200000,0,0,78,True
2033,2026-09-30,197118,0,2018,0,True
2912,2026-09-30,186912,1000,5000,5000,True
1514,2026-09-30,197497,0,0,-422,True
6112,2026-09-30,224219,11,1000,-28338,True
1319,2026-09-30,193900,-2050,5000,-1480,True
6869,2026-09-30,189136,0,1000,96,True
4566,2026-09-30,149291,0,39000,-256,True
4976,2026-09-30,186031,0,1000,0,True
6757,2026-09-30,182000,0,3000,547,True
3050,2026-09-30,183940,0,1000,0,True
3346,2026-09-30,187800,0,-3000,0,True
1909,2026-09-30,218213,0,-35000,0,True
4960,2026-09-30,119840,0,-2426,65629,True
0055,2026-09-30,82116,0,0,100785,True
1560,2026-09-30,173223,-2000,7200,2949,True
9939,2026-09-30,179704,-1448,-314,0,True
6189,2026-09-30,177727,-3435,1000,873,True
2611,2026-09-30,174106,0,0,0,True
3706,2026-09-30,226693,-4000,-60000,10406,True
9958,2026-09-30,197073,0,-26000,-1000,True
2441,2026-09-30,171292,-1000,-57000,56251,True
6695,2026-09-30,166746,0,0,0,True
3044,2026-09-30,322697,-193000,4999,27908,True
3694,2026-09-30,159145,22,0,-1,True
8021,2026-09-30,148105,-3000,15520,-2000,True
2612,2026-09-30,155410,0,-1000,-1333,True
1603,2026-09-30,165000,0,-13000,0,True
2539,2026-09-30,139878,0,8958,0,True
3715,2026-09-30,81734,0,2000,58427,True
6937,2026-09-30,154456,0,0,-13307,True
3019,2026-09-30,151893,0,-13715,1828,True
8103,2026-09-30,81015,15,11500,45460,True
2028,2026-09-30,141000,0,-4000,0,True
6235,2026-09-30,137008,28,1000,-1767,True
2429,2026-09-30,134744,0,0,0,True
3011,2026-09-30,133000,0,0,0,True
1789,2026-09-30,127563,0,-2000,0,True
1618,2026-09-30,123199,0,4000,-2584,True
3058,2026-09-30,124000,0,0,0,True
2015,2026-09-30,123493,0,4000,-4000,True
2440,2026-09-30,123000,0,0,0,True
2630,2026-09-30,111177,0,0,11536,True
2417,2026-09-30,121001,21,0,0,True
8011,2026-09-30,116000,0,4000,0,True
1460,2026-09-30,118214,0,0,0,True
2540,2026-09-30,110119,0,8000,0,True
1522,2026-09-30,115788,0,2000,-74,True
2032,2026-09-30,103165,0,13973,0,True
2254,2026-09-30,114000,0,0,3000,True
1340,2026-09-30,115000,0,0,0,True
8249,2026-09-30,113000,23,1000,0,True
3443,2026-09-30,198303,-76200,-9467,387,True
9103,2026-09-30,113000,0,0,-415,True
3048,2026-09-30,113065,0,-2010,0,True
8473,2026-09-30,114810,0,-4000,0,True
2493,2026-09-30,101002,-2000,-1000,12341,True
6579,2026-09-30,93059,0,1000,16000,True
5243,2026-09-30,103152,20,1000,5656,True
6782,2026-09-30,106619,0,-7000,8774,True
2607,2026-09-30,104967,0,3000,0,True
2347,2026-09-30,-76501,129340,9000,46071,True
3003,2026-09-30,106116,0,0,0,True
6885,2026-09-30,106000,0,0,0,True
2636,2026-09-30,58115,0,46000,0,True
4104,2026-09-30,74892,0,29000,0,True
2357,2026-09-30,44815,10922,900,46040,True
3027,2026-09-30,103000,0,-1000,0,True
6525,2026-09-30,106210,-2887,0,-3000,True
2534,2026-09-30,98000,0,2000,0,True
1786,2026-09-30,98004,0,1000,0,True
1459,2026-09-30,104000,0,-5000,0,True
3052,2026-09-30,99000,0,0,0,True
1702,2026-09-30,99727,0,-1000,0,True
2029,2026-09-30,97570,0,1000,0,True
6472,2026-09-30,102574,0,1000,-5533,True
3092,2026-09-30,97000,0,0,138,True
8039,2026-09-30,-555279,-17000,175041,493975,True
1524,2026-09-30,96090,0,0,0,True
3305,2026-09-30,79720,22,0,16055,True
1721,2026-09-30,95713,0,0,0,True
1325,2026-09-30,95074,0,0,0,True
2460,2026-09-30,92814,0,2000,0,True
1582,2026-09-30,90199,0,0,2914,True
2753,2026-09-30,94700,-925,-2000,0,True
2545,2026-09-30,95000,0,-5000,0,True
3661,2026-09-30,79407,-1000,-6500,17867,True
1447,2026-09-30,99562,-10000,0,0,True
9946,2026-09-30,89000,-3000,0,0,True
6799,2026-09-30,85474,0,0,0,True
9925,2026-09-30,94000,0,-11000,-63,True
6215,2026-09-30,83115,7,0,-341,True
4562,2026-09-30,82000,0,0,0,True
6409,2026-09-30,81123,-4000,-4000,8602,True
1337,2026-09-30,81000,0,0,0,True
1449,2026-09-30,80755,0,0,0,True
2420,2026-09-30,83570,13,-4000,-35,True
3704,2026-09-30,74388,0,4000,317,True
2613,2026-09-30,83610,0,-5000,0,True
4306,2026-09-30,54363,0,24000,0,True
8476,2026-09-30,77900,-2000,0,0,True
2425,2026-09-30,76080,-2000,1000,0,True
6136,2026-09-30,73000,0,1000,0,True
3701,2026-09-30,107000,0,-37465,3562,True
1219,2026-09-30,71026,0,2000,0,True
3030,2026-09-30,75742,0,1000,-4302,True
7822,2026-09-30,19905,45000,0,7123,True
1108,2026-09-30,72000,0,0,0,True
2495,2026-09-30,81898,40,1000,-11000,True
6550,2026-09-30,103828,0,-32000,0,True
1532,2026-09-30,72020,0,-1000,0,True
8404,2026-09-30,69000,0,2000,0,True
6573,2026-09-30,75000,0,-4000,0,True
3338,2026-09-30,56996,11,13000,0,True
6451,2026-09-30,56812,0,-20,11922,True
5222,2026-09-30,66802,17,1000,863,True
2231,2026-09-30,74120,0,-2000,-4154,True
6805,2026-09-30,315228,-230000,-6000,-11351,True
1616,2026-09-30,66557,0,0,0,True
2497,2026-09-30,66295,0,0,-7,True
5519,2026-09-30,64262,0,1000,0,True
2530,2026-09-30,111090,-3000,-43000,0,True
2482,2026-09-30,64000,0,0,0,True
4755,2026-09-30,62744,0,1000,0,True
6558,2026-09-30,62000,0,0,0,True
8222,2026-09-30,61000,0,1000,0,True
9919,2026-09-30,61000,0,1000,0,True
2727,2026-09-30,59982,0,2000,0,True
2923,2026-09-30,92000,0,-31000,0,True
2007,2026-09-30,61000,0,0,0,True
6854,2026-09-30,61000,0,0,-888,True
1471,2026-09-30,60000,0,0,0,True
7812,2026-09-30,24000,0,0,35000,True
4414,2026-09-30,51000,0,8000,0,True
8454,2026-09-30,56258,0,2000,-689,True
3617,2026-09-30,52161,0,4000,1000,True
2390,2026-09-30,64000,0,-7000,0,True
5538,2026-09-30,57000,0,0,0,True
3024,2026-09-30,55000,0,0,0,True
8163,2026-09-30,66491,0,-11603,14,True
3257,2026-09-30,54670,0,0,0,True
6944,2026-09-30,52144,0,0,1869,True
6243,2026-09-30,53878,0,0,0,True
5292,2026-09-30,36558,0,0,16167,True
6689,2026-09-30,52446,0,0,0,True
1536,2026-09-30,46000,0,6000,376,True
2723,2026-09-30,49000,0,3000,0,True
3038,2026-09-30,50000,0,2000,0,True
7799,2026-09-30,33132,0,28488,-10000,True
5236,2026-09-30,22474,30007,-1000,0,True
1806,2026-09-30,47000,0,2000,0,True
6283,2026-09-30,48000,0,0,0,True
2849,2026-09-30,58000,0,-10000,0,True
1587,2026-09-30,48000,0,0,0,True
1598,2026-09-30,46753,0,1000,0,True
2207,2026-09-30,36745,6000,2615,2000,True
8438,2026-09-30,47271,0,0,0,True
1533,2026-09-30,47000,0,0,0,True
7788,2026-09-30,25412,0,-242,21808,True
3054,2026-09-30,46000,0,0,0,True
6909,2026-09-30,45000,0,0,0,True
2109,2026-09-30,44000,0,0,0,True
3622,2026-09-30,46146,10,-3000,125,True
7740,2026-09-30,42375,0,0,693,True
3135,2026-09-30,47380,0,-4953,0,True
1103,2026-09-30,39000,0,3000,0,True
8429,2026-09-30,41000,0,0,0,True
1903,2026-09-30,41000,0,0,0,True
2442,2026-09-30,41000,0,0,0,True
4164,2026-09-30,58959,0,-18000,0,True
6585,2026-09-30,40770,0,0,0,True
7827,2026-09-30,42713,0,0,-2000,True
6947,2026-09-30,39000,0,0,0,True
1442,2026-09-30,95000,0,-56000,0,True
9935,2026-09-30,38990,0,0,0,True
6873,2026-09-30,37125,0,1000,0,True
4169,2026-09-30,37490,0,0,0,True
5225,2026-09-30,37482,0,0,0,True
3607,2026-09-30,37000,0,0,0,True
3716,2026-09-30,30585,0,6000,0,True
8374,2026-09-30,51050,0,-15000,251,True
7749,2026-09-30,7511,30000,0,-1272,True
1713,2026-09-30,34180,0,2000,0,True
4736,2026-09-30,32176,0,4000,0,True
5258,2026-09-30,36000,0,0,0,True
6225,2026-09-30,36000,0,0,0,True
2236,2026-09-30,34698,0,1000,0,True
2597,2026-09-30,32979,0,3000,-592,True
7689,2026-09-30,35061,8,0,0,True
9924,2026-09-30,34000,0,1000,0,True
2243,2026-09-30,35970,-1000,0,0,True
3530,2026-09-30,34860,0,0,0,True
4545,2026-09-30,43000,0,-8482,0,True
4771,2026-09-30,33563,0,1000,-100,True
0051,2026-09-30,-142,0,0,34261,True
5484,2026-09-30,35000,0,-1000,0,True
6657,2026-09-30,33951,0,0,0,True
3060,2026-09-30,28187,-3000,8000,285,True
8478,2026-09-30,30992,0,895,0,True
4949,2026-09-30,31428,12,0,0,True
4119,2026-09-30,30000,0,1000,0,True
3308,2026-09-30,32000,0,-1000,0,True
6958,2026-09-30,31000,0,0,0,True
2421,2026-09-30,46757,-10000,2000,-8019,True
6412,2026-09-30,25927,0,3000,1574,True
3515,2026-09-30,32000,0,-2000,0,True
2458,2026-09-30,-80904,101805,2000,6895,True
8201,2026-09-30,19000,0,10774,0,True
3296,2026-09-30,23149,0,6000,0,True
2701,2026-09-30,29000,0,0,0,True
6552,2026-09-30,29000,0,0,0,True
1338,2026-09-30,32989,0,-4000,0,True
3528,2026-09-30,23539,8,5000,0,True
3686,2026-09-30,22000,0,6281,0,True
2705,2026-09-30,28000,0,0,0,True
9930,2026-09-30,26170,0,2000,-333,True
2453,2026-09-30,26350,8,1000,0,True
2012,2026-09-30,27000,0,0,0,True
7803,2026-09-30,27000,0,0,0,True
2903,2026-09-30,-692290,618000,101000,0,True
2022,2026-09-30,26683,0,0,0,True
5607,2026-09-30,20491,0,6000,0,True
1760,2026-09-30,26412,0,0,0,True
2471,2026-09-30,29251,0,-3000,0,True
1457,2026-09-30,26000,0,0,0,True
4590,2026-09-30,26000,0,0,0,True
9955,2026-09-30,26000,0,0,0,True
3652,2026-09-30,27000,0,-1000,0,True
2038,2026-09-30,26441,0,-1000,0,True
2468,2026-09-30,25105,0,0,0,True
4552,2026-09-30,25000,0,0,0,True
1736,2026-09-30,23607,0,1000,-372,True
2239,2026-09-30,23000,0,1000,0,True
2516,2026-09-30,24000,0,0,0,True
1731,2026-09-30,24000,0,0,0,True
1414,2026-09-30,25737,0,-2000,0,True
2524,2026-09-30,23000,0,0,0,True
2514,2026-09-30,23000,0,0,0,True
3004,2026-09-30,22027,0,0,200,True
6526,2026-09-30,35431,-19000,2365,3361,True
2102,2026-09-30,22132,0,0,0,True
2108,2026-09-30,26001,0,-4000,104,True
7786,2026-09-30,22069,0,0,0,True
6756,2026-09-30,22000,0,0,0,True
2462,2026-09-30,22000,0,0,0,True
3413,2026-09-30,33342,0,-8000,-4182,True
6781,2026-09-30,15276,0,-2000,7848,True
6115,2026-09-30,19000,0,2000,0,True
5244,2026-09-30,21000,0,0,0,True
4178,2026-09-30,21000,0,0,0,True
2706,2026-09-30,21000,0,0,0,True
3266,2026-09-30,21000,0,0,0,True
3025,2026-09-30,20999,0,0,0,True
9938,2026-09-30,40549,-3564,-16000,-4,True
5522,2026-09-30,-16994,-2000,39000,0,True
5007,2026-09-30,19000,0,1000,0,True
1517,2026-09-30,19000,0,1000,0,True
3447,2026-09-30,19000,0,0,0,True
4426,2026-09-30,18000,0,1000,0,True
3557,2026-09-30,19000,0,0,0,True
2450,2026-09-30,18000,0,1000,0,True
2247,2026-09-30,18770,0,0,0,True
7760,2026-09-30,18000,0,0,0,True
1446,2026-09-30,17975,0,0,0,True
2911,2026-09-30,17458,0,0,0,True
7730,2026-09-30,22000,0,0,-4593,True
1614,2026-09-30,17070,0,0,0,True
2250,2026-09-30,17000,0,0,0,True
1418,2026-09-30,17000,0,0,0,True
4582,2026-09-30,19000,0,0,-2000,True
9908,2026-09-30,14000,0,3000,0,True
5533,2026-09-30,16000,0,0,0,True
4807,2026-09-30,19000,0,-3000,0,True
5907,2026-09-30,16000,0,0,0,True
2929,2026-09-30,16000,0,0,0,True
3018,2026-09-30,16000,0,0,0,True
1528,2026-09-30,15259,0,0,452,True
2434,2026-09-30,15271,0,0,0,True
2908,2026-09-30,15212,0,0,0,True
2748,2026-09-30,14000,0,1000,0,True
2431,2026-09-30,15000,0,0,0,True
4935,2026-09-30,14000,0,1000,0,True
1321,2026-09-30,14000,0,1000,0,True
4536,2026-09-30,15034,0,-674,0,True
3705,2026-09-30,14107,0,0,0,True
8162,2026-09-30,11000,0,0,3106,True
7818,2026-09-30,15000,0,-1000,0,True
6928,2026-09-30,14000,0,0,0,True
2608,2026-09-30,12000,0,2000,0,True
1432,2026-09-30,14000,0,0,0,True
1203,2026-09-30,14000,0,0,0,True
1220,2026-09-30,14000,0,0,0,True
2477,2026-09-30,13000,0,1000,0,True
6906,2026-09-30,13000,0,0,0,True
9136,2026-09-30,13000,0,0,0,True
6606,2026-09-30,13000,0,0,0,True
1225,2026-09-30,13000,0,0,0,True
1762,2026-09-30,12000,0,1000,0,True
2509,2026-09-30,13000,0,0,0,True
5525,2026-09-30,13000,0,0,0,True
3533,2026-09-30,-240967,229000,5800,18859,True
1110,2026-09-30,12312,0,0,0,True
1466,2026-09-30,13273,0,-1000,0,True
1535,2026-09-30,12000,0,0,0,True
2227,2026-09-30,12000,0,0,0,True
2722,2026-09-30,11000,0,1000,0,True
2642,2026-09-30,12000,0,0,0,True
2906,2026-09-30,11000,0,1000,0,True
8341,2026-09-30,8394,0,2666,0,True
2704,2026-09-30,18000,0,-7000,0,True
2506,2026-09-30,11000,0,0,0,True
3040,2026-09-30,11000,0,0,0,True
1234,2026-09-30,11000,0,0,0,True
7631,2026-09-30,20000,0,0,-9000,True
2850,2026-09-30,7767,0,4000,-1000,True
4571,2026-09-30,11539,0,-1000,0,True
5706,2026-09-30,20000,0,-10000,0,True
6674,2026-09-30,10000,0,0,0,True
1217,2026-09-30,13000,0,-3000,0,True
1468,2026-09-30,11000,0,-1000,0,True
6838,2026-09-30,10000,0,-53,0,True
6890,2026-09-30,9951,0,0,-34,True
6914,2026-09-30,9600,0,0,0,True
4108,2026-09-30,9423,0,0,0,True
3321,2026-09-30,9004,0,0,0,True
4133,2026-09-30,9000,0,0,0,True
2616,2026-09-30,9000,0,0,0,True
2910,2026-09-30,9000,0,0,0,True
2008,2026-09-30,9000,0,0,0,True
6934,2026-09-30,9000,0,0,0,True
8463,2026-09-30,11000,0,-2000,0,True
9902,2026-09-30,9000,0,0,0,True
9942,2026-09-30,9000,0,0,0,True
9944,2026-09-30,9000,0,0,0,True
9937,2026-09-30,10000,0,-1000,0,True
1323,2026-09-30,9000,0,0,0,True
2472,2026-09-30,-1813,0,-1000,11201,True
7765,2026-09-30,13249,0,-5000,0,True
3032,2026-09-30,8090,0,0,0,True
8499,2026-09-30,8000,5,0,0,True
6796,2026-09-30,8000,0,0,0,True
3501,2026-09-30,8000,0,0,0,True
2013,2026-09-30,7000,0,1000,0,True
1626,2026-09-30,9000,0,-1000,0,True
1419,2026-09-30,9000,0,-1000,0,True
1423,2026-09-30,8000,0,0,0,True
1339,2026-09-30,12000,0,-4000,0,True
4106,2026-09-30,7000,0,1000,0,True
2702,2026-09-30,8000,0,0,0,True
1443,2026-09-30,8000,0,0,0,True
6581,2026-09-30,7000,0,0,0,True
1454,2026-09-30,7000,0,0,0,True
1735,2026-09-30,9000,0,-4000,2000,True
1752,2026-09-30,7000,0,0,0,True
2373,2026-09-30,10000,0,-3000,0,True
2712,2026-09-30,7000,0,0,0,True
2731,2026-09-30,9000,0,-2000,0,True
4438,2026-09-30,7000,0,0,0,True
6183,2026-09-30,8000,0,-1000,0,True
6184,2026-09-30,7000,0,0,0,True
6464,2026-09-30,7000,0,0,0,True
2059,2026-09-30,-23401,6000,18517,5546,True
6477,2026-09-30,9268,0,-3000,0,True
6216,2026-09-30,5000,0,1000,0,True
6201,2026-09-30,8000,0,-2000,0,True
9912,2026-09-30,7000,0,-1000,0,True
9926,2026-09-30,6000,0,0,0,True
7821,2026-09-30,6000,0,0,0,True
1456,2026-09-30,9000,0,-3000,0,True
1438,2026-09-30,7000,0,-1000,0,True
5283,2026-09-30,-1000,0,7000,0,True
2115,2026-09-30,5599,0,0,0,True
2414,2026-09-30,-12849,-1986,20000,0,True
1235,2026-09-30,3000,0,2000,0,True
1583,2026-09-30,5000,0,0,0,True
1725,2026-09-30,7000,0,-2000,0,True
1726,2026-09-30,5000,0,0,0,True
1474,2026-09-30,5000,0,0,0,True
1539,2026-09-30,5000,0,0,0,True
3164,2026-09-30,5000,0,0,0,True
6792,2026-09-30,6000,0,-1000,0,True
6534,2026-09-30,5000,0,0,0,True
6128,2026-09-30,10000,0,-5000,0,True
7835,2026-09-30,8000,0,0,-3000,True
9931,2026-09-30,5000,0,0,0,True
6582,2026-09-30,5000,0,0,0,True
6605,2026-09-30,4353,0,1818,-2000,True
1604,2026-09-30,2069,0,2000,0,True
1435,2026-09-30,4000,0,0,0,True
2024,2026-09-30,4000,0,0,0,True
1906,2026-09-30,4000,0,0,0,True
6722,2026-09-30,4000,0,0,0,True
4572,2026-09-30,6000,0,-2000,0,True
9918,2026-09-30,4000,0,0,0,True
9906,2026-09-30,3000,0,1000,0,True
8482,2026-09-30,4000,0,0,0,True
9929,2026-09-30,4000,0,0,0,True
6807,2026-09-30,4000,0,0,0,True
6446,2026-09-30,2030,-4000,5095,398,True
2433,2026-09-30,2000,7,1000,0,True
3679,2026-09-30,2000,5,1000,0,True
0057,2026-09-30,1,0,0,3000,True
2380,2026-09-30,3000,0,0,0,True
1417,2026-09-30,3000,0,0,0,True
1615,2026-09-30,11000,0,-8000,0,True
1521,2026-09-30,4000,0,-1000,0,True
6504,2026-09-30,2000,0,1000,0,True
6794,2026-09-30,3000,0,0,0,True
6666,2026-09-30,3000,0,0,0,True
8443,2026-09-30,3000,0,0,0,True
7721,2026-09-30,3000,0,0,0,True
4999,2026-09-30,1955,0,1000,0,True
2211,2026-09-30,10071,-1612,-5535,0,True
6230,2026-09-30,2288,0,0,0,True
1315,2026-09-30,2100,0,0,0,True
4441,2026-09-30,2080,0,0,0,True
2397,2026-09-30,-6996,0,9000,0,True
5906,2026-09-30,2000,0,0,0,True
8045,2026-09-30,2000,0,0,0,True
1341,2026-09-30,2000,0,0,0,True
3168,2026-09-30,2000,0,0,0,True
1541,2026-09-30,2000,0,0,0,True
1445,2026-09-30,2000,0,0,0,True
1451,2026-09-30,2000,0,0,0,True
5546,2026-09-30,2000,0,0,0,True
6641,2026-09-30,3000,0,-1000,0,True
6655,2026-09-30,2000,0,0,0,True
6908,2026-09-30,2000,0,0,0,True
7736,2026-09-30,2000,0,0,0,True
1256,2026-09-30,2308,0,-1000,0,True
3504,2026-09-30,4330,10,1000,-4038,True
6416,2026-09-30,31,0,1190,0,True
6645,2026-09-30,1003,0,0,0,True
6671,2026-09-30,1000,0,0,0,True
8940,2026-09-30,2000,0,-1000,0,True
8487,2026-09-30,1000,0,0,0,True
8466,2026-09-30,1000,0,0,0,True
8467,2026-09-30,1000,0,0,0,True
6931,2026-09-30,3000,0,-2000,0,True
7732,2026-09-30,1000,0,0,0,True
3432,2026-09-30,1000,0,0,0,True
4190,2026-09-30,1000,0,0,0,True
4148,2026-09-30,1000,0,0,0,True
3150,2026-09-30,4000,0,0,-3000,True
2939,2026-09-30,1000,0,0,0,True
2496,2026-09-30,1000,0,0,0,True
1527,2026-09-30,1000,0,0,0,True
2248,2026-09-30,1000,0,0,0,True
2062,2026-09-30,0,0,1000,0,True
2106,2026-09-30,33000,0,-32000,0,True
6952,2026-09-30,1000,0,0,0,True
1516,2026-09-30,1000,0,0,0,True
1452,2026-09-30,999,0,0,0,True
1453,2026-09-30,940,0,0,0,True
3229,2026-09-30,1588,0,-1000,0,True
2387,2026-09-30,-10992,0,11000,0,True
6936,2026-09-30,0,0,0,0,True
8481,2026-09-30,0,0,0,0,True
8367,2026-09-30,0,0,0,0,True
7791,2026-09-30,0,0,0,0,True
6754,2026-09-30,0,0,0,0,True
4581,2026-09-30,0,0,0,0,True
4557,2026-09-30,0,0,0,0,True
2424,2026-09-30,0,0,0,0,True
1783,2026-09-30,-1000,0,1000,0,True
1439,2026-09-30,0,0,0,0,True
1324,2026-09-30,0,0,0,0,True
2945,2026-09-30,0,0,0,0,True
1463,2026-09-30,0,0,0,0,True
3057,2026-09-30,1000,0,-1000,0,True
9943,2026-09-30,0,0,0,0,True
2314,2026-09-30,-526,0,0,0,True
8462,2026-09-30,20,0,-1000,0,True
7705,2026-09-30,-1000,0,0,0,True
6887,2026-09-30,-1000,0,0,0,True
4569,2026-09-30,-1000,0,0,0,True
5215,2026-09-30,-1000,0,0,0,True
6281,2026-09-30,-1000,0,0,0,True
2114,2026-09-30,-1000,0,0,0,True
1525,2026-09-30,-1000,0,0,0,True
2904,2026-09-30,-1000,0,0,0,True
4439,2026-09-30,0,0,-1000,0,True
3494,2026-09-30,-1000,0,0,0,True
2528,2026-09-30,52000,0,-53000,0,True
7823,2026-09-30,-1000,0,0,0,True
2432,2026-09-30,-1000,0,0,0,True
6753,2026-09-30,-2400,0,2000,-674,True
1213,2026-09-30,-1100,0,0,0,True
6117,2026-09-30,30177,12,-31417,0,True
6658,2026-09-30,1004,7,0,-2248,True
4994,2026-09-30,-2411,0,1000,0,True
6957,2026-09-30,-6000,0,4353,0,True
7722,2026-09-30,332,0,-2000,0,True
6955,2026-09-30,1000,0,0,-3000,True
6918,2026-09-30,-2000,0,0,0,True
8488,2026-09-30,-2000,0,0,0,True
6431,2026-09-30,-1000,0,-1000,0,True
6835,2026-09-30,-2000,0,0,0,True
1236,2026-09-30,-2000,0,0,0,True
1475,2026-09-30,-2000,0,0,0,True
1470,2026-09-30,-2000,0,0,0,True
3006,2026-09-30,149329,-5000,-10871,-135906,True
0053,2026-09-30,-1000,0,0,-1768,True
6862,2026-09-30,-3000,8,0,219,True
2383,2026-09-30,-161913,163000,-13600,9705,True
1472,2026-09-30,9000,0,-12000,0,True
1465,2026-09-30,-3000,0,0,0,True
1104,2026-09-30,0,0,-3000,0,True
6614,2026-09-30,-3000,0,0,0,True
4737,2026-09-30,-3000,0,0,0,True
1730,2026-09-30,-3000,0,0,0,True
6951,2026-09-30,-3000,0,0,0,True
3043,2026-09-30,-3000,0,0,0,True
4930,2026-09-30,-3000,0,0,0,True
1817,2026-09-30,0,0,0,-3003,True
4720,2026-09-30,-3000,0,0,-13,True
6863,2026-09-30,-3060,13,0,0,True
0061,2026-09-30,-20000,0,0,16625,True
1723,2026-09-30,5000,-3000,-1000,-4608,True
8442,2026-09-30,1000,0,-5000,0,True
1530,2026-09-30,-4000,0,0,0,True
1233,2026-09-30,-3000,0,-1000,0,True
2739,2026-09-30,-4000,0,0,0,True
4555,2026-09-30,-4000,0,0,0,True
2488,2026-09-30,-4000,0,0,0,True
8261,2026-09-30,-25943,19000,0,2678,True
2546,2026-09-30,-5381,0,1000,0,True
6768,2026-09-30,-1000,-1982,-2000,0,True
8072,2026-09-30,-5000,0,0,0,True
6921,2026-09-30,-7000,0,0,2000,True
1410,2026-09-30,-5000,0,0,0,True
2228,2026-09-30,-5000,0,0,0,True
6771,2026-09-30,-1000,0,-1000,-3000,True
2762,2026-09-30,-5230,0,0,0,True
6719,2026-09-30,-31225,30000,-3000,-1497,True
6916,2026-09-30,-6000,0,0,0,True
1776,2026-09-30,-3000,0,-3000,0,True
1441,2026-09-30,-6000,0,0,0,True
2415,2026-09-30,-4000,-2000,0,0,True
1531,2026-09-30,-6000,0,0,0,True
2430,2026-09-30,-8154,0,2000,0,True
4766,2026-09-30,-5532,0,1000,-2000,True
6924,2026-09-30,-6811,0,0,0,True
2901,2026-09-30,-6000,0,-1000,0,True
4440,2026-09-30,1000,0,-8000,0,True
2438,2026-09-30,-7000,0,0,0,True
3588,2026-09-30,-9348,0,2000,0,True
4722,2026-09-30,15087,0,0,-22507,True
9933,2026-09-30,23095,-15800,-15000,0,True
2233,2026-09-30,-5831,0,0,-2053,True
1623,2026-09-30,-8380,0,0,0,True
4137,2026-09-30,-5399,0,-3000,0,True
4585,2026-09-30,-8000,0,0,-565,True
2816,2026-09-30,-8918,0,0,0,True
1808,2026-09-30,33059,0,-42000,0,True
6923,2026-09-30,-5000,0,-4000,0,True
2537,2026-09-30,-9004,0,0,0,True
6790,2026-09-30,-9000,0,0,-50,True
1416,2026-09-30,-9108,0,0,0,True
2707,2026-09-30,-10813,0,1477,0,True
5288,2026-09-30,-1310,-20000,1732,10154,True
1720,2026-09-30,-10737,0,1000,0,True
3138,2026-09-30,-11915,0,0,1920,True
1526,2026-09-30,-10000,0,0,0,True
1512,2026-09-30,-10000,0,0,0,True
7768,2026-09-30,-10000,0,0,0,True
1413,2026-09-30,-10000,0,0,0,True
4588,2026-09-30,-8000,0,-2000,0,True
5306,2026-09-30,-5381,0,-5000,0,True
6965,2026-09-30,-13000,0,2000,0,True
1537,2026-09-30,-11000,0,0,0,True
4155,2026-09-30,-11000,0,0,0,True
1737,2026-09-30,-11001,0,0,0,True
2535,2026-09-30,-13175,0,1582,0,True
6776,2026-09-30,-12000,0,0,0,True
3669,2026-09-30,-15000,0,3000,0,True
2364,2026-09-30,-11698,0,-1000,0,True
1232,2026-09-30,-14207,0,1000,0,True
2480,2026-09-30,-14110,-1161,1864,0,True
6515,2026-09-30,-14303,-9600,4009,6293,True
2461,2026-09-30,-7907,0,-6000,0,True
9905,2026-09-30,-14000,0,0,0,True
6625,2026-09-30,-14000,0,0,0,True
2444,2026-09-30,-14619,0,103,0,True
2413,2026-09-30,-15575,31,1000,0,True
2072,2026-09-30,-16701,0,1000,1000,True
4583,2026-09-30,-13997,0,-1000,218,True
1558,2026-09-30,-15073,0,0,0,True
3416,2026-09-30,-6894,7,0,-8326,True
1734,2026-09-30,-15394,0,0,0,True
1201,2026-09-30,2000,0,-18000,0,True
2505,2026-09-30,-16505,0,0,0,True
4952,2026-09-30,-24970,18,8000,0,True
6969,2026-09-30,-17000,0,0,0,True
6205,2026-09-30,-18792,18,2000,-318,True
4560,2026-09-30,-18000,0,0,0,True
6277,2026-09-30,-24971,0,6000,846,True
2851,2026-09-30,450,-2000,-17000,-231,True
2476,2026-09-30,-30424,0,-3000,13768,True
3002,2026-09-30,-18934,0,-1000,0,True
1805,2026-09-30,-20000,0,0,0,True
1733,2026-09-30,-20130,0,0,0,True
6919,2026-09-30,-23123,0,13000,-10513,True
2204,2026-09-30,-22000,-2928,3000,721,True
8105,2026-09-30,-26816,0,7,5501,True
6024,2026-09-30,-21485,0,0,0,True
6591,2026-09-30,-21710,0,0,0,True
9940,2026-09-30,-7000,0,-15000,-45,True
2617,2026-09-30,-24160,0,2000,-119,True
1467,2026-09-30,-21000,0,-2000,0,True
1109,2026-09-30,-26411,0,2000,0,True
3028,2026-09-30,-33898,17325,-8000,1,True
2206,2026-09-30,-27716,0,3000,0,True
2832,2026-09-30,-16290,0,-10000,1524,True
7855,2026-09-30,-25000,0,0,0,True
1712,2026-09-30,-38000,0,12938,0,True
5203,2026-09-30,-28955,0,3000,0,True
6192,2026-09-30,-28000,8,1999,0,True
3130,2026-09-30,-26000,0,0,0,True
6994,2026-09-30,-26873,0,0,217,True
2348,2026-09-30,-32000,0,3000,-63,True
6449,2026-09-30,-33147,0,0,3963,True
2428,2026-09-30,-30497,0,1000,0,True
3356,2026-09-30,-43590,0,14000,0,True
2237,2026-09-30,-30000,0,0,0,True
3056,2026-09-30,-33000,0,3000,-1400,True
3437,2026-09-30,-32425,0,0,0,True
1795,2026-09-30,-43129,0,2990,6796,True
6902,2026-09-30,-33731,0,-1000,0,True
9910,2026-09-30,-86829,48000,4081,-21,True
6214,2026-09-30,-8226,0,2000,-28649,True
8464,2026-09-30,-84720,47000,1000,889,True
1540,2026-09-30,-36000,0,0,0,True
3031,2026-09-30,-37036,0,1000,0,True
3406,2026-09-30,-3495,11000,-72500,28100,True
2107,2026-09-30,-34281,0,-3000,0,True
6271,2026-09-30,-55438,0,4000,13781,True
1563,2026-09-30,-41160,0,0,1916,True
1231,2026-09-30,-50710,0,11340,0,True
4942,2026-09-30,-42000,0,1000,0,True
2459,2026-09-30,-42000,0,0,0,True
8271,2026-09-30,-49648,0,614,7000,True
2820,2026-09-30,-72000,0,28000,0,True
1437,2026-09-30,-46459,0,1000,0,True
6272,2026-09-30,-45000,0,-1000,0,True
3708,2026-09-30,-43918,-3000,0,901,True
3046,2026-09-30,-48040,0,2000,0,True
1590,2026-09-30,-17200,-29000,1000,-1151,True
8016,2026-09-30,-76143,29202,1000,-1000,True
2423,2026-09-30,-50000,15,1000,0,True
1473,2026-09-30,-49000,0,0,0,True
9927,2026-09-30,-48000,0,-1000,0,True
5284,2026-09-30,-47402,0,0,-2051,True
3712,2026-09-30,-50689,0,1000,0,True
1506,2026-09-30,-52000,0,0,0,True
1342,2026-09-30,-51919,-1000,0,0,True
1519,2026-09-30,-63424,0,3141,6577,True
1436,2026-09-30,-54000,0,0,0,True
6177,2026-09-30,-62000,0,8000,0,True
2049,2026-09-30,8092,0,1400,-64317,True
7750,2026-09-30,-27297,-26000,-1482,-92,True
2852,2026-09-30,-56000,0,0,0,True
3090,2026-09-30,-29249,-3000,-3000,-21373,True
9917,2026-09-30,-57928,0,0,0,True
9911,2026-09-30,-49549,0,-11000,0,True
5515,2026-09-30,-74220,0,11000,1879,True
6670,2026-09-30,-63532,-610,997,-41,True
6830,2026-09-30,-62824,0,0,-1134,True
1732,2026-09-30,-65000,0,0,0,True
3010,2026-09-30,-72371,0,7000,0,True
8114,2026-09-30,-70000,0,-1413,5055,True
6598,2026-09-30,-65000,0,-2000,0,True
7769,2026-09-30,-1797,-67300,-770,552,True
2511,2026-09-30,-79000,0,9000,0,True
7795,2026-09-30,-71000,0,943,0,True
9802,2026-09-30,-20612,-60000,4000,0,True
1464,2026-09-30,-81000,0,0,0,True
3035,2026-09-30,60342,-10000,-57000,-76035,True
2538,2026-09-30,13220,0,-98000,0,True
2069,2026-09-30,-87312,0,0,0,True
2362,2026-09-30,-97634,0,10000,0,True
2359,2026-09-30,-86046,0,0,-3129,True
6405,2026-09-30,-91000,0,0,997,True
1568,2026-09-30,-85090,0,-5000,0,True
5471,2026-09-30,-85987,0,-2000,-2469,True
3545,2026-09-30,-127807,30000,3000,-3,True
5269,2026-09-30,-99196,0,-3100,1828,True
6141,2026-09-30,-102160,0,0,0,True
9914,2026-09-30,-116850,0,7000,5685,True
1227,2026-09-30,-113046,0,5000,0,True
4739,2026-09-30,-206149,0,1000,93300,True
6668,2026-09-30,-46950,0,-65000,0,True
6988,2026-09-30,-101000,0,0,-12000,True
7711,2026-09-30,-122297,0,1166,7598,True
6426,2026-09-30,-111977,14,-2000,-1318,True
4195,2026-09-30,-32000,0,-96000,2000,True
9934,2026-09-30,-127100,0,0,0,True
2881,2026-09-30,296934,-595000,55900,112477,True
1707,2026-09-30,-129668,0,-1000,85,True
6831,2026-09-30,19754,-182000,4923,22133,True
5531,2026-09-30,-123000,0,-15000,0,True
2542,2026-09-30,-165796,221000,-275011,81276,True
1711,2026-09-30,-190399,0,0,44841,True
2006,2026-09-30,-544532,390742,8000,-123,True
7610,2026-09-30,-151109,0,5070,-277,True
6698,2026-09-30,-150000,0,0,0,True
6706,2026-09-30,47560,0,0,-198258,True
2474,2026-09-30,-148502,-14000,2000,7985,True
8411,2026-09-30,-5000,0,-149000,0,True
6715,2026-09-30,-167000,0,9000,1370,True
1215,2026-09-30,-154897,0,-2998,0,True
3653,2026-09-30,-214000,44000,9251,-4015,True
2020,2026-09-30,-179000,0,11526,0,True
4532,2026-09-30,-167278,-6561,2000,0,True
8110,2026-09-30,-180000,0,22000,-14183,True
3583,2026-09-30,-172549,0,6000,-8577,True
6224,2026-09-30,-174162,5,-2000,0,True
2395,2026-09-30,-269789,147000,-7600,-46704,True
3209,2026-09-30,-201000,32,2000,16000,True
2536,2026-09-30,-184000,0,0,0,True
1210,2026-09-30,-180667,-1000,-9231,0,True
3592,2026-09-30,-246319,29301,2000,20921,True
1809,2026-09-30,-281468,0,0,78356,True
5285,2026-09-30,-206122,0,1000,1700,True
3013,2026-09-30,-254814,0,-3000,52814,True
4770,2026-09-30,-196191,0,3000,-12572,True
1477,2026-09-30,-532160,328254,-7355,-501,True
6155,2026-09-30,-196845,-1000,0,-18999,True
9921,2026-09-30,-222316,0,3813,-1454,True
2486,2026-09-30,-226844,0,11000,-5548,True
5434,2026-09-30,-219245,-3000,309,-2904,True
2208,2026-09-30,-235751,0,10000,0,True
5469,2026-09-30,-194822,-45000,4000,-845,True
6531,2026-09-30,-221321,-4000,-13189,1776,True
6592,2026-09-30,-254000,0,14452,0,True
2027,2026-09-30,-302673,0,5680,54838,True
9941,2026-09-30,-201409,-55383,10883,0,True
2836,2026-09-30,-268023,0,2000,0,True
6202,2026-09-30,-295000,20000,5000,1620,True
3014,2026-09-30,-316814,35449,1000,1415,True
4915,2026-09-30,-292050,-2184,2483,6214,True
6933,2026-09-30,-301025,11,3000,6842,True
3005,2026-09-30,-334571,5368,5532,31511,True
8081,2026-09-30,-186049,24200,-133000,-952,True
3703,2026-09-30,-283000,0,-15000,0,True
3419,2026-09-30,-302000,0,974,0,True
5534,2026-09-30,-300000,0,-17303,15000,True
2377,2026-09-30,-641406,374000,3000,-39692,True
3596,2026-09-30,-316000,0,715,1495,True
2465,2026-09-30,-316882,8,0,0,True
6415,2026-09-30,-352850,23000,9000,392,True
3008,2026-09-30,-80007,-275100,1700,16678,True
4764,2026-09-30,-277770,-79000,-4000,18162,True
3702,2026-09-30,-938350,540000,7971,42450,True
6442,2026-09-30,18107,-372000,8965,-9891,True
2520,2026-09-30,-387950,0,14000,1521,True
2467,2026-09-30,-357358,0,2000,-30134,True
4961,2026-09-30,-401365,29000,3000,-16370,True
2882,2026-09-30,-408763,-10000,61000,-28286,True
2399,2026-09-30,-379000,20,0,-30692,True
6206,2026-09-30,-300457,-1576,4000,-112548,True
3021,2026-09-30,-411440,0,-10705,0,True
3022,2026-09-30,-420930,0,3000,-6986,True
4576,2026-09-30,-382517,0,6000,-48856,True
2360,2026-09-30,69119,-552000,9795,32205,True
6166,2026-09-30,-425121,0,2000,-21432,True
2885,2026-09-30,-668853,-125720,17447,320282,True
6834,2026-09-30,-421688,-972,0,-46747,True
2646,2026-09-30,-238354,0,-246000,0,True
3055,2026-09-30,-509359,0,2000,12518,True
2504,2026-09-30,-461000,-9000,-26000,0,True
5234,2026-09-30,-457319,-52000,-1000,-6216,True
2201,2026-09-30,-557821,0,10000,23200,True
6414,2026-09-30,-581017,-1000,31307,-15123,True
2376,2026-09-30,-336970,-209000,-34070,-910,True
1597,2026-09-30,-511061,0,0,-71440,True
6213,2026-09-30,-937601,367000,-6579,-11468,True
8996,2026-09-30,-786085,136000,-3572,56955,True
5880,2026-09-30,-814630,100000,31000,65000,True
3376,2026-09-30,-642155,0,-12000,35310,True
6669,2026-09-30,-588968,-9331,-4300,-20064,True
6226,2026-09-30,-638470,-2000,0,0,True
2838,2026-09-30,-650364,0,19000,-21000,True
6533,2026-09-30,-708797,-5000,10540,34287,True
2327,2026-09-30,-104269,-555020,-11531,-11187,True
2030,2026-09-30,-670000,0,-36333,0,True
2439,2026-09-30,-730407,0,-3362,-5265,True
3167,2026-09-30,-734723,0,-9681,2900,True
2548,2026-09-30,-749857,9300,-21856,-1468,True
2454,2026-09-30,-986171,154300,27830,37283,True
6901,2026-09-30,-768000,0,-4000,0,True
5388,2026-09-30,-858000,0,-1695,-5688,True
6443,2026-09-30,-901000,0,-2702,0,True
3094,2026-09-30,-950988,0,20999,0,True
3450,2026-09-30,-1383320,387000,15000,-859,True
2345,2026-09-30,1075039,-2183000,43700,43375,True
2351,2026-09-30,-473791,-520000,28592,-64585,True
2501,2026-09-30,-1021000,0,-16000,-69,True
2886,2026-09-30,-2200235,492000,54207,596465,True
2883,2026-09-30,-1942755,269000,-41272,656399,True
2834,2026-09-30,-962290,0,-99000,-17000,True
3532,2026-09-30,-940314,0,-155700,-7500,True
6282,2026-09-30,-975447,-32000,-113000,4598,True
2305,2026-09-30,-1130980,-2000,8000,-10000,True
6209,2026-09-30,-1014480,15,-18000,-117788,True
3026,2026-09-30,-1187687,35000,2000,-1675,True
2484,2026-09-30,-1223014,-2983,3000,24293,True
4551,2026-09-30,-1242551,-1000,8000,-40315,True
6133,2026-09-30,-1300186,0,-4255,0,True
2436,2026-09-30,-946529,-10000,2000,-368304,True
3380,2026-09-30,-1242740,0,-80000,-20659,True
2897,2026-09-30,-1420607,0,10000,0,True
8112,2026-09-30,-1453761,-7000,-9000,-43993,True
2605,2026-09-30,-1385296,0,-188000,35148,True
2498,2026-09-30,-1682839,0,33000,90067,True
9904,2026-09-30,-1869002,129259,12809,126576,True
3231,2026-09-30,-1846787,146000,2000,91649,True
2884,2026-09-30,-6294665,4082000,60773,435104,True
9105,2026-09-30,-2240001,0,0,404625,True
3550,2026-09-30,-1902989,-1000,-81,0,True
2356,2026-09-30,-2032414,-190000,14255,174206,True
3717,2026-09-30,-2080321,0,-112561,-23000,True
8210,2026-09-30,-2453207,-13000,2000,-695,True
2845,2026-09-30,-2087012,0,-445000,0,True
2368,2026-09-30,-3601260,960000,26550,-106118,True
2489,2026-09-30,-2844520,39400,8319,30330,True
5871,2026-09-30,-2877842,-7490,-784,40421,True
3016,2026-09-30,-2789339,0,-24000,-262036,True
3036,2026-09-30,-3077049,-15000,-202000,16172,True
4956,2026-09-30,-3303053,0,0,-203,True
2382,2026-09-30,-3672906,48000,23970,191565,True
2449,2026-09-30,-2574961,6000,-821733,-80173,True
8028,2026-09-30,-3240964,0,-10000,-226827,True
3673,2026-09-30,-3787835,0,-197000,296061,True
2812,2026-09-30,-3836012,-11000,26000,16000,True
2891,2026-09-30,-5214958,1025770,26249,317924,True
3149,2026-09-30,-4098360,0,0,158479,True
2301,2026-09-30,-4039594,-13000,-12312,73818,True
4938,2026-09-30,-3738925,-52061,2452,-269776,True
2481,2026-09-30,-3563196,0,-500000,-144506,True
2492,2026-09-30,-3929955,-1006000,-200640,-28670,True
0050,2026-09-30,-5338468,5000000,-1231264,-4146366,True
1727,2026-09-30,-8650558,0,129000,-249664,True
0056,2026-09-30,3705162,0,10000,-15735563,True
