stock_id,stock_name,close,qfii_now,qfii_peak,lt_light,lt_text,lt_order,drop_rel,bottom,base_high,peak,room,base_days
1319,東陽,78.1,11.79,16.62,🟢,法人在底部一直買，可以先佈局（買一半）,0,1783661.0,77.5,78.1,86.0,10.11523687580027,3
1476,儒鴻,290.0,27.88,33.8,🟢,低點立即反彈，可以買,0,-198035.0,270.5,278.5,368.0,26.89655172413794,4
5471,松翰,51.9,10.54,13.83,🟢,法人在底部一直買，可以先佈局（買一半）,0,760792.0,49.9,53.5,63.3,21.965317919075144,13
3413,京鼎,293.0,24.51,28.88,🟢,法人在底部一直買，可以先佈局（買一半）,0,726473.0,271.5,295.0,383.5,30.88737201365188,14
9938,百和,39.1,7.57,22.83,🟢,整理後噴出一根，可以買（已佈局就加碼）,0,434310.0,37.7,38.55,42.9,9.718670076726333,14
2351,順德,218.5,27.24,27.56,🟡,法人開始買，等帶量站上噴出價格,1,2474363.0,204.0,222.0,257.0,15.76576576576576,4
6269,台郡,64.8,13.76,20.98,🟡,法人開始買，等帶量站上噴出價格,1,841000.0,63.0,66.1,82.3,24.508320726172485,10
6166,凌華,130.0,19.41,23.59,🟡,法人開始買，等帶量站上噴出價格,1,1053958.0,107.5,135.0,174.0,28.888888888888896,12
7777,能率亞洲,37.4,,,🟡,法人開始買，等帶量站上噴出價格,1,1002924.0,35.35,39.2,43.4,10.714285714285698,13
8932,智通*,90.1,,,🟡,法人開始買，等帶量站上噴出價格,1,652334.0,85.1,94.9,118.5,24.868282402528962,13
2451,創見,279.0,11.52,14.4,🟡,法人開始買，等帶量站上噴出價格,1,1876310.0,270.0,290.0,329.5,13.620689655172423,14
1325,恆大,26.5,1.97,3.1,🟡,法人開始買，等帶量站上噴出價格,1,167837.0,25.1,26.4,29.35,10.754716981132084,20
8050,廣積,60.8,,,🔴,正在下來,2,2611747.0,60.5,60.8,68.0,4.6052631578947345,0
2236,百達-KY,88.2,51.26,61.31,🔴,正在下來,2,1451464.0,88.2,88.2,129.0,46.25850340136053,0
6902,GOGOLOOK,143.0,4.96,5.69,🔴,正在下來,2,325543.0,142.5,143.0,183.0,27.97202797202798,0
1736,喬山,120.5,5.86,6.0,🔴,正在下來,2,249183.0,120.5,120.5,148.0,22.821576763485485,0
2630,亞航,45.6,2.74,5.72,🔴,正在下來,2,153640.0,45.6,45.6,56.2,23.245614035087712,0
6121,新普,372.5,,,🔴,正在下來,2,-96965.0,368.0,372.5,440.0,18.120805369127524,0
4303,信立,31.2,,,🔴,正在下來,2,-97898.0,31.2,31.2,55.0,76.28205128205127,0
5236,凌陽創新,127.5,5.63,7.57,🔴,正在下來,2,-223936.0,127.0,127.5,138.0,0.0,0
3691,碩禾,104.5,,,🔴,正在下來,2,-237182.0,104.5,104.5,130.5,24.880382775119614,0
1231,聯華食,77.9,2.67,3.13,🔴,正在下來,2,-439127.0,77.5,77.9,81.0,2.9525032092426073,0
6104,創惟,87.8,,,🔴,正在下來,2,-508998.0,87.2,87.8,103.0,17.312072892938502,0
6873,泓德能源,64.1,6.35,10.49,🔴,正在下來,2,-576394.0,63.9,64.1,71.8,12.012480499219969,0
2539,櫻花建,33.45,2.11,2.46,🔴,正在下來,2,-621266.0,33.1,33.45,36.1,7.922272047832579,0
9910,豐泰,66.3,5.63,11.95,🔴,正在下來,2,-709122.0,66.2,66.3,73.4,3.4690799396681626,0
2020,美亞,24.65,1.67,3.31,🔴,正在下來,2,-1931873.0,24.5,24.65,29.25,2.4340770791075217,0
5522,遠雄,60.0,4.04,5.3,🔴,正在下來,2,-2001046.0,59.8,60.0,64.6,7.666666666666666,0
6112,邁達特,44.65,1.61,3.43,🔴,正在下來,2,-2050660.0,44.5,44.65,53.1,18.92497200447929,0
3141,晶宏,80.2,,,🔴,正在下來,2,-2209434.0,79.2,80.2,110.0,37.15710723192021,0
1227,佳格,27.5,6.62,7.48,🔴,正在下來,2,-2620617.0,27.45,27.5,29.5,4.909090909090907,0
1215,卜蜂,104.0,35.92,46.99,🔴,正在下來,2,-2695516.0,103.5,104.0,112.0,3.3653846153846256,0
2548,華固,91.2,13.16,21.65,🔴,正在下來,2,-3307718.0,91.2,91.2,98.6,8.114035087719284,0
9941,裕融,75.4,4.15,7.98,🔴,正在下來,2,-3410549.0,75.0,75.4,87.7,16.312997347480106,0
6177,達麗,45.15,6.63,7.94,🔴,正在下來,2,-3737738.0,45.05,45.15,50.4,11.627906976744185,0
1229,聯華,39.45,8.93,9.74,🔴,正在下來,2,-3923846.0,39.4,39.45,42.5,7.731305449936632,0
5534,長虹,71.1,8.78,12.94,🔴,正在下來,2,-4529607.0,70.6,71.1,78.4,10.267229254571042,0
8422,可寧衛*,25.2,5.36,16.38,🔴,正在下來,2,-9010049.0,25.1,25.2,27.6,9.523809523809534,0
2201,裕隆,28.2,4.1,6.96,🔴,正在下來,2,-9212626.0,28.2,28.2,32.0,13.475177304964546,0
2501,國建,20.2,10.72,13.26,🔴,正在下來,2,-9569498.0,20.2,20.2,22.85,13.11881188118813,0
2498,宏達電,41.8,8.07,10.55,🔴,正在下來,2,-10233524.0,41.8,41.8,46.85,4.545454545454564,0
2542,興富發,38.2,7.35,11.23,🔴,正在下來,2,-12597870.0,37.95,38.2,48.9,3.5340314136125484,0
2356,英業達,58.6,17.81,19.47,🔴,正在下來,2,-33321117.0,58.1,58.6,68.4,16.723549488054612,0
5871,中租-KY,105.0,43.34,47.09,🔴,正在下來,2,-33534976.0,105.0,105.0,117.5,11.904761904761907,0
2324,仁寶,35.9,33.55,42.38,🔴,正在下來,2,-124898220.0,35.7,35.9,44.95,25.20891364902509,0
8390,金益鼎,92.0,,,🔴,出長紅了，但上面 92.4 就是大黑棒／上影線的套牢區，一噴就會被壓回,2,-619123.0,88.8,92.0,103.5,0.43478260869564966,1
8436,大江,102.5,,,🔴,正在下來,2,-688251.0,102.0,102.5,128.0,24.878048780487806,1
1595,川寶,71.8,,,🔴,正在下來,2,-1284307.0,71.6,71.8,91.0,26.740947075208908,1
6949,沛爾生醫*-創,46.75,3.25,4.28,🔴,正在下來,2,-1863361.0,44.35,46.75,1490.0,3087.1657754010694,1
2101,南港,29.1,5.76,7.58,🔴,正在下來,2,-3850455.0,28.65,29.1,36.25,24.57044673539519,1
1722,台肥,41.05,7.71,9.62,🔴,正在下來,2,-5565946.0,40.85,41.05,46.75,13.885505481120596,1
2617,台航,32.3,12.36,12.36,🔴,正在下來,2,1410552.0,30.85,32.1,34.75,4.179566563467496,2
1904,正隆,24.5,12.04,12.26,🔴,正在下來,2,265442.0,23.85,24.0,26.45,7.959183673469394,2
9939,宏全,126.5,16.45,17.07,🔴,正在下來,2,248657.0,122.5,126.5,145.5,15.019762845849804,2
6541,泰福-KY,33.35,13.6,14.39,🔴,正在下來,2,-529909.0,29.6,31.45,40.0,19.940029985007502,2
6584,南俊國際,551.0,,,🔴,正在下來,2,-876661.0,525.0,541.0,694.0,25.952813067150625,2
1519,華城,696.0,17.94,22.82,🔴,正在下來,2,-1346407.0,681.0,691.0,786.0,12.93103448275863,2
2912,統一超,210.5,14.36,20.31,🔴,正在下來,2,-2775280.0,210.0,211.0,225.5,4.750593824228022,2
5904,寶雅*,68.7,,,🔴,正在下來,2,-7020998.0,68.2,68.8,73.9,4.0756914119359555,2
1216,統一,73.7,33.89,36.07,🔴,正在下來,2,-17359322.0,72.6,72.7,78.6,6.648575305291704,2
3008,大立光,6855.0,24.63,34.48,🔴,低點整理，法人還沒撐,2,-2629162.0,5740.0,6730.0,7995.0,4.30342815463165,3
8210,勤誠,885.0,6.09,20.71,🔴,低點整理，法人還沒撐,2,-5711443.0,822.0,890.0,1265.0,42.93785310734464,3
5880,合庫金,25.95,17.31,17.39,🔴,低點整理，法人還沒撐,2,-7812434.0,25.65,26.15,27.6,4.046242774566466,3
3023,信邦,317.0,42.53,46.4,🔴,法人有撐，但上面 323 就是大黑棒／上影線的套牢區，一噴就會被壓回,2,524055.0,304.5,322.5,348.0,1.8927444794952786,4
6831,邁科,497.5,13.78,16.79,🔴,低點整理，法人還沒撐,2,-1176231.0,469.5,489.0,720.0,44.72361809045226,4
2504,國產,30.75,5.71,11.03,🔴,低點整理，法人還沒撐,2,-7052527.0,30.45,30.95,32.55,3.9024390243902474,4
1608,華榮,36.2,5.14,6.72,🔴,法人有撐，但上面前高 39.1 空間不夠,2,706487.0,35.2,36.25,39.1,8.011049723756901,5
6640,均華,1135.0,,,🔴,低點整理，法人還沒撐,2,-284417.0,995.0,1165.0,1320.0,16.299559471365633,5
1590,亞德客-KY,1195.0,80.04,81.04,🔴,低點整理，法人還沒撐,2,-747259.0,1135.0,1200.0,1615.0,35.14644351464435,5
8069,元太,149.0,,,🔴,低點整理，法人還沒撐,2,-3867750.0,138.5,146.5,208.5,39.93288590604027,5
2633,台灣高鐵,25.65,5.27,11.01,🔴,低點整理，法人還沒撐,2,-20628050.0,25.45,25.8,26.45,1.3645224171540127,5
2634,漢翔,64.1,3.41,9.42,🔴,法人有撐，但上面 68.6 就是大黑棒／上影線的套牢區，一噴就會被壓回,2,1387345.0,61.9,66.0,76.5,19.344773790951653,6
1504,東元,71.1,7.16,16.15,🔴,出長紅了，但上面 72.5 就是大黑棒／上影線的套牢區，一噴就會被壓回,2,991380.0,67.6,69.7,75.5,1.9690576652602099,6
4973,廣穎,136.5,,,🔴,低點整理，法人還沒撐,2,-100759.0,132.5,138.5,168.5,23.44322344322345,6
9914,美利達,65.9,24.49,27.43,🔴,低點整理，法人還沒撐,2,-2743735.0,65.9,68.3,96.8,46.88922610015174,6
4939,亞電,76.3,,,🔴,低點整理，法人還沒撐,2,-3582794.0,71.3,82.8,95.2,24.770642201834868,6
8112,至上,84.0,12.06,28.76,🔴,低點整理，法人還沒撐,2,-13778484.0,81.9,84.1,101.5,20.833333333333325,6
4763,材料*-KY,46.8,46.14,49.05,🔴,低點整理，法人還沒撐,2,-15897152.0,45.4,48.9,53.5,14.316239316239333,6
6670,復盛應用,270.0,24.86,26.38,🔴,低點整理，法人還沒撐,2,10901.0,268.5,273.0,288.0,2.777777777777768,7
5328,華容,57.0,,,🔴,低點整理，法人還沒撐,2,-2576009.0,51.3,59.1,73.0,28.07017543859649,7
1477,聚陽,203.5,15.28,20.43,🔴,出長紅了，但上面 204.5 就是大黑棒／上影線的套牢區，一噴就會被壓回,2,2077431.0,188.5,197.5,229.5,0.49140049140048436,8
6446,藥華藥,1175.0,21.73,25.68,🔴,低點整理，法人還沒撐,2,-2455502.0,1125.0,1215.0,1645.0,39.99999999999999,8
6690,安碁資訊,176.5,,,🔴,低點整理，法人還沒撐,2,-8764.0,174.0,186.5,201.0,3.966005665722383,11
6830,汎銓,527.0,5.75,9.88,🔴,低點整理，法人還沒撐,2,-1067074.0,509.0,563.0,641.0,21.631878557874764,11
1514,亞力,103.5,13.38,19.8,🔴,法人有撐，但已經卡在大黑棒／上影線的套牢區（前高 111.5），一噴就會被壓回,2,2141740.0,99.4,105.0,111.5,1.449275362318847,12
8016,矽創,296.0,47.02,47.02,🔴,法人有撐，但上面 306 就是大黑棒／上影線的套牢區，一噴就會被壓回,2,753010.0,271.5,293.5,324.5,3.378378378378377,12
6117,迎廣,68.7,1.55,3.31,🔴,出長紅了，但上面前高 66.8 空間不夠,2,509498.0,60.7,62.5,66.8,-2.765647743813693,12
1582,信錦,71.6,5.12,10.15,🔴,法人有撐，但上面 73.2 就是大黑棒／上影線的套牢區，一噴就會被壓回,2,140197.0,68.7,72.4,77.7,2.2346368715083997,12
5284,jpp-KY,290.5,49.89,63.67,🔴,低點整理，法人還沒撐,2,-105405.0,288.0,302.0,362.5,24.78485370051635,12
1402,遠東新,27.9,17.5,20.1,🔴,低點整理，法人還沒撐,2,-481388.0,27.35,28.25,30.65,9.856630824372758,12
2105,正新,30.05,8.51,13.95,🔴,低點整理，法人還沒撐,2,-799089.0,29.8,30.65,32.35,2.1630615640598982,12
2392,正崴,41.15,7.75,9.5,🔴,低點整理，法人還沒撐,2,-3216657.0,40.35,44.55,48.6,18.104495747266114,12
3376,新日興,171.5,9.87,30.83,🔴,低點整理，法人還沒撐,2,-4079577.0,170.5,180.5,222.0,29.446064139941686,12
1785,光洋科,110.5,,,🔴,出長紅了，但上面 111.5 就是大黑棒／上影線的套牢區，一噴就會被壓回,2,-4995028.0,93.5,102.5,119.5,0.9049773755656076,12
1717,長興,74.9,12.24,14.42,🔴,法人有撐，但上面 76.8 就是大黑棒／上影線的套牢區，一噴就會被壓回,2,3091001.0,68.1,74.6,85.5,2.5367156208277564,13
2027,大成鋼,47.7,25.26,25.88,🔴,低點整理，法人還沒撐,2,1558893.0,44.95,48.05,52.3,2.9350104821803003,13
4976,佳凌,37.6,3.64,6.52,🔴,法人有撐，但上面 37.7 就是大黑棒／上影線的套牢區，一噴就會被壓回,2,1283405.0,34.55,37.4,42.0,0.26595744680850686,13
3689,湧德,116.5,,,🔴,出長紅了，但已經卡在大黑棒／上影線的套牢區（前高 124），一噴就會被壓回,2,804039.0,105.5,113.0,124.0,0.0,13
3515,華擎,218.0,8.8,16.8,🔴,法人有撐，但已經卡在大黑棒／上影線的套牢區（前高 235），一噴就會被壓回,2,614314.0,201.0,217.5,235.0,0.0,13
3504,揚明光,82.5,5.65,6.37,🔴,法人有撐，但上面 87.8 就是大黑棒／上影線的套牢區，一噴就會被壓回,2,579109.0,77.0,84.7,95.6,15.87878787878787,13
6165,浪凡,47.7,11.73,19.09,🔴,法人有撐，但已經卡在大黑棒／上影線的套牢區（前高 51.6），一噴就會被壓回,2,485216.0,47.0,50.4,51.6,4.507337526205446,13
2049,上銀,339.5,39.19,40.06,🔴,法人有撐，但上面 350 就是大黑棒／上影線的套牢區，一噴就會被壓回,2,396848.0,313.5,345.5,381.5,3.092783505154628,13
5222,全訊,102.5,3.02,5.75,🔴,法人有撐，但已經卡在大黑棒／上影線的套牢區（前高 125.5），一噴就會被壓回,2,221289.0,101.0,107.5,125.5,2.9268292682926855,13
5515,建國,51.9,12.95,13.78,🔴,法人有撐，但上面 53.4 就是大黑棒／上影線的套牢區，一噴就會被壓回,2,79842.0,48.35,52.7,56.4,2.8901734104046284,13
6498,久禾光,75.0,,,🔴,出長紅了，但已經卡在大黑棒／上影線的套牢區（前高 80.5），一噴就會被壓回,2,-44488.0,64.2,69.8,80.5,0.0,13
4909,新復興,37.3,,,🔴,低點整理，法人還沒撐,2,-60464.0,33.3,37.3,43.2,15.8176943699732,13
2059,川湖,13100.0,23.32,27.06,🔴,低點整理，法人還沒撐,2,-96951.0,11665.0,13355.0,15085.0,15.152671755725189,13
3004,豐達科,121.5,3.6,6.67,🔴,低點整理，法人還沒撐,2,-141230.0,114.0,121.5,129.0,0.0,13
6854,錼創科技-KY創,92.8,31.3,35.25,🔴,低點整理，法人還沒撐,2,-148195.0,87.2,94.9,103.0,0.0,13
5009,榮剛,32.7,,,🔴,低點整理，法人還沒撐,2,-153177.0,31.8,33.1,35.5,4.434250764525971,13
1536,和大,46.4,5.16,9.49,🔴,低點整理，法人還沒撐,2,-382406.0,46.0,47.0,53.4,15.086206896551735,13
2374,佳能,66.2,5.45,10.92,🔴,低點整理，法人還沒撐,2,-470319.0,65.7,67.5,71.8,1.812688821752273,13
3587,閎康,250.0,,,🔴,低點整理，法人還沒撐,2,-523157.0,229.0,257.5,278.5,0.0,13
2388,威盛,70.6,15.22,17.76,🔴,低點整理，法人還沒撐,2,-1336551.0,69.4,73.3,83.0,17.56373937677054,13
3019,亞光,141.0,8.81,11.55,🔴,低點整理，法人還沒撐,2,-1438868.0,131.0,141.5,163.0,1.4184397163120588,13
2646,星宇航空,20.0,2.99,3.5,🔴,低點整理，法人還沒撐,2,-3536230.0,20.0,20.6,21.9,3.0000000000000027,13
3706,神達,80.3,9.23,13.86,🔴,低點整理，法人還沒撐,2,-3796772.0,77.6,82.1,95.8,1.8679950186799577,13
5351,鈺創,113.0,,,🔴,低點整理，法人還沒撐,2,-9622180.0,102.5,116.0,127.0,0.0,13
6547,高端疫苗,60.6,,,🔴,法人有撐，但已經卡在大黑棒／上影線的套牢區（前高 72.2），一噴就會被壓回,2,2025854.0,56.5,62.6,72.2,1.320132013201314,14
3059,華晶科,38.5,7.81,17.41,🔴,法人有撐，但已經卡在大黑棒／上影線的套牢區（前高 40.45），一噴就會被壓回,2,743613.0,36.6,38.75,40.45,0.0,14
4147,中裕,61.3,,,🔴,法人有撐，但已經卡在大黑棒／上影線的套牢區（前高 69.1），一噴就會被壓回,2,611628.0,58.8,65.2,69.1,4.567699836867867,14
3556,禾瑞亞,64.3,,,🔴,出長紅了，但已經卡在大黑棒／上影線的套牢區（前高 66.4），一噴就會被壓回,2,285242.0,54.8,59.1,66.4,0.0,14
6138,茂達,282.5,,,🔴,法人有撐，但上面 295 就是大黑棒／上影線的套牢區，一噴就會被壓回,2,283113.0,261.0,287.5,315.0,4.424778761061954,14
3357,臺慶科,221.0,,,🔴,法人有撐，但上面 228.5 就是大黑棒／上影線的套牢區，一噴就會被壓回,2,265981.0,194.5,218.0,253.5,3.393665158371051,14
3213,茂訊,125.5,,,🔴,法人有撐，但上面 129 就是大黑棒／上影線的套牢區，一噴就會被壓回,2,228069.0,119.5,126.0,134.5,2.7888446215139417,14
2543,皇昌,38.0,1.73,2.53,🔴,法人有撐，但上面 39.65 就是大黑棒／上影線的套牢區，一噴就會被壓回,2,141295.0,37.2,39.45,41.75,4.3421052631578805,14
3388,崇越電,85.6,,,🔴,低點整理，法人還沒撐,2,-148177.0,79.8,85.3,101.0,17.99065420560748,14
6472,保瑞,416.5,12.84,13.02,🔴,低點整理，法人還沒撐,2,-197360.0,393.0,444.5,476.0,14.28571428571428,14
2233,宇隆,167.5,8.55,9.18,🔴,低點整理，法人還沒撐,2,-350184.0,154.0,170.0,224.0,33.73134328358209,14
1795,美時,176.0,49.83,64.0,🔴,低點整理，法人還沒撐,2,-612497.0,170.5,180.0,202.5,15.056818181818187,14
2312,金寶,30.7,8.5,13.87,🔴,低點整理，法人還沒撐,2,-662415.0,30.0,31.3,33.7,3.583061889250816,14
2375,凱美,125.5,8.44,17.26,🔴,低點整理，法人還沒撐,2,-763468.0,114.5,126.0,143.0,13.94422310756973,14
2465,麗臺,90.7,6.95,12.48,🔴,低點整理，法人還沒撐,2,-869809.0,87.4,93.2,107.5,18.522601984564503,14
6163,華電網,41.95,,,🔴,低點整理，法人還沒撐,2,-1004997.0,37.9,43.4,46.8,2.741358760429069,14
3227,原相,188.5,,,🔴,低點整理，法人還沒撐,2,-1089557.0,179.5,188.5,214.5,13.793103448275868,14
2359,所羅門,126.0,4.74,13.07,🔴,低點整理，法人還沒撐,2,-1699409.0,125.0,132.0,183.0,45.238095238095234,14
3033,威健,41.8,19.69,26.04,🔴,低點整理，法人還沒撐,2,-1820581.0,40.25,42.6,52.8,26.315789473684205,14
3048,益登,53.3,4.72,13.24,🔴,低點整理，法人還沒撐,2,-2174404.0,49.3,53.7,63.9,19.88742964352721,14
3596,智易,156.0,25.09,47.5,🔴,低點整理，法人還沒撐,2,-2230166.0,151.5,156.0,189.5,21.474358974358964,14
3209,全科,47.0,11.25,19.98,🔴,低點整理，法人還沒撐,2,-2688257.0,44.15,46.1,60.2,0.0,14
2385,群光,105.5,24.99,24.99,🔴,法人有撐，但已經卡在大黑棒／上影線的套牢區（前高 111.5），一噴就會被壓回,2,2906836.0,102.0,106.0,111.5,0.0,15
6414,樺漢,400.5,44.33,47.98,🔴,低點整理，法人還沒撐,2,263427.0,363.5,407.5,522.0,30.337078651685403,15
3416,融程電,168.0,4.21,6.33,🔴,低點整理，法人還沒撐,2,1838.0,158.0,168.5,200.0,19.047619047619047,15
6679,鈺太,200.5,,,🔴,低點整理，法人還沒撐,2,-16019.0,191.5,209.0,217.5,4.239401496259343,15
4585,達明,290.0,1.27,1.35,🔴,低點整理，法人還沒撐,2,-50030.0,286.0,303.0,327.5,12.93103448275863,15
8454,富邦媒,240.0,11.99,13.58,🔴,低點整理，法人還沒撐,2,-147207.0,233.5,249.0,295.5,23.124999999999996,15
6409,旭隼,890.0,51.86,65.44,🔴,低點整理，法人還沒撐,2,-214128.0,846.0,908.0,1085.0,21.91011235955056,15
6412,群電,74.0,5.02,7.9,🔴,低點整理，法人還沒撐,2,-450863.0,72.6,75.1,80.4,4.459459459459447,15
5234,達興材料,326.5,7.34,11.34,🔴,出長紅了，但上面前高 347 空間不夠,2,-1062745.0,278.0,322.0,347.0,6.278713629402755,15
3704,合勤控,39.55,10.35,15.68,🔴,低點整理，法人還沒撐,2,-2935161.0,38.85,42.15,50.4,27.43362831858407,15
6176,瑞儀,91.5,32.56,36.2,🔴,低點整理，法人還沒撐,2,-3262896.0,87.9,96.1,108.0,18.032786885245898,15
3490,單井,45.7,,,🔴,低點整理，法人還沒撐,2,-3553773.0,40.15,50.7,57.8,26.47702407002186,15
5388,中磊,72.3,10.56,25.95,🔴,低點整理，法人還沒撐,2,-4559113.0,70.0,73.9,95.0,31.3969571230982,15
9904,寶成,24.6,26.63,43.87,🔴,低點整理，法人還沒撐,2,-11495222.0,24.0,24.95,25.6,1.8292682926829285,15
3617,碩天,245.0,10.13,10.79,🔴,法人有撐，但上面 250 就是大黑棒／上影線的套牢區，一噴就會被壓回,2,330380.0,234.0,249.0,267.5,2.0408163265306145,16
6919,康霈*,78.5,11.72,15.13,🔴,低點整理，法人還沒撐,2,-5606123.0,77.3,85.8,118.5,50.95541401273886,16
2615,萬海,111.5,48.37,48.6,🔴,低點整理，法人還沒撐,2,-6137950.0,106.5,120.5,134.5,3.1390134529148073,16
2495,普安,38.4,8.22,11.01,🔴,法人有撐，但已經卡在大黑棒／上影線的套牢區（前高 40.95），一噴就會被壓回,2,555603.0,35.9,39.1,40.95,0.0,17
4123,晟德,30.8,,,🔴,法人有撐，但上面 31.85 就是大黑棒／上影線的套牢區，一噴就會被壓回,2,1857010.0,29.35,31.5,39.5,3.409090909090917,18
6215,和椿,98.1,7.17,9.98,🔴,法人有撐，但已經卡在大黑棒／上影線的套牢區（前高 105.5），一噴就會被壓回,2,182947.0,95.0,100.5,105.5,0.0,18
6206,飛捷,135.5,19.76,20.51,🔴,低點整理，法人還沒撐,2,131212.0,132.5,143.0,159.0,17.34317343173433,18
2474,可成,206.0,13.38,25.65,🔴,低點整理，法人還沒撐,2,-2780071.0,202.0,211.0,214.5,0.24271844660195274,18
3005,神基,118.5,15.24,23.21,🔴,法人有撐，但已經卡在大黑棒／上影線的套牢區（前高 125），一噴就會被壓回,2,1726280.0,112.0,119.0,125.0,0.0,19
3290,東浦,50.7,,,🔴,低點整理，法人還沒撐,2,-1096712.0,44.65,52.2,57.8,4.7337278106508895,19
4746,台耀,48.3,9.38,13.13,🔴,法人有撐，但上面 50 就是大黑棒／上影線的套牢區，一噴就會被壓回,2,1000815.0,45.0,49.0,55.5,3.5196687370600444,20
9958,世紀鋼,89.3,9.12,13.71,🔴,低點整理，法人還沒撐,2,-544222.0,87.3,94.0,116.5,30.459126539753644,20
9945,潤泰新,28.8,8.43,10.23,🔴,法人有撐，但上面 30.2 就是大黑棒／上影線的套牢區，一噴就會被壓回,2,3878493.0,27.6,29.9,30.85,4.861111111111116,23
2915,潤泰全,57.6,6.41,7.68,🔴,法人有撐，但已經卡在大黑棒／上影線的套牢區（前高 62.5），一噴就會被壓回,2,1157557.0,55.8,60.1,62.5,3.645833333333326,24
2609,陽明,59.2,26.13,26.39,🔴,法人有撐，但已經卡在大黑棒／上影線的套牢區（前高 67.3），一噴就會被壓回,2,19646022.0,55.8,62.0,67.3,0.0,25
2603,長榮,236.5,25.75,26.89,🔴,低點整理，法人還沒撐,2,-1867169.0,225.5,243.0,256.5,0.0,26
1513,中興電,167.0,13.16,19.4,🔴,法人有撐，但上面 171 就是大黑棒／上影線的套牢區，一噴就會被壓回,2,4261956.0,162.0,170.5,177.0,2.39520958083832,28
4540,全球傳動,59.3,4.65,14.11,🔴,法人有撐，但已經卡在大黑棒／上影線的套牢區（前高 65.3），一噴就會被壓回,2,2966056.0,54.8,62.6,65.3,1.517706576728517,28
8070,長華*,51.0,10.98,14.58,🔴,法人有撐，但已經卡在大黑棒／上影線的套牢區（前高 54.5），一噴就會被壓回,2,423584.0,47.8,51.7,54.5,0.0,28
2645,長榮航太,172.5,5.97,12.72,🔴,低點整理，法人還沒撐,2,-438549.0,169.0,179.0,200.0,15.94202898550725,28
2428,興勤,262.5,14.13,21.09,🔴,低點整理，法人還沒撐,2,-565684.0,243.5,263.0,281.5,1.7142857142857126,28
4938,和碩,90.0,30.98,32.5,🔴,低點整理，法人還沒撐,2,-9787911.0,87.3,95.4,100.5,11.66666666666667,28
2317,鴻海,256.0,40.21,41.79,🔴,低點整理，法人還沒撐,2,-26094168.0,238.0,256.0,274.5,1.5625,28
4967,十銓,267.0,9.98,22.41,🔴,低點整理，法人還沒撐,2,-1962582.0,248.0,281.5,288.5,2.9962546816479474,32
2353,宏碁,31.05,13.68,21.99,🔴,低點整理，法人還沒撐,2,-8706736.0,30.05,32.7,33.2,1.2882447665056418,32
2618,長榮航,41.55,32.8,32.93,🔴,法人有撐，但上面前高 44.6 空間不夠,2,29377113.0,39.2,43.0,44.6,7.340553549939832,35
2610,華航,20.1,15.0,18.22,🔴,低點整理，法人還沒撐,2,14608737.0,19.85,20.8,22.85,1.741293532338295,35
8464,億豐,364.0,40.82,42.5,🔴,法人有撐，但已經卡在大黑棒／上影線的套牢區（前高 404.5），一噴就會被壓回,2,287245.0,359.5,382.0,404.5,1.098901098901095,36
6005,群益證,32.75,16.71,19.98,🔴,低點整理，法人還沒撐,2,-5987684.0,29.6,33.0,35.9,0.0,38
2206,三陽工業,63.1,8.07,8.66,🔴,法人有撐，但上面 65 就是大黑棒／上影線的套牢區，一噴就會被壓回,2,696365.0,59.8,64.3,66.7,0.0,41
2207,和泰車,515.0,22.49,23.01,🔴,低點整理，法人還沒撐,2,-180001.0,502.0,539.0,573.0,1.3592233009708687,41
3088,艾訊,135.5,,,🔴,法人有撐，但已經卡在大黑棒／上影線的套牢區（前高 159），一噴就會被壓回,2,1266067.0,114.0,146.0,159.0,4.428044280442811,45
6944,兆聯實業,826.0,15.34,17.62,🔴,法人有撐，但上面 829 就是大黑棒／上影線的套牢區，一噴就會被壓回,2,922003.0,658.0,814.0,1070.0,0.363196125907983,46
