stock_id,first_date,stock_name,entry_px,support,resist,last_date,last_px,days,status,end_date,end_px
6830,2026-10-02,汎銓,547.0,510.0,641.0,2026-10-02,547.0,0,追蹤中,,
6451,2026-10-01,訊芯-KY,413.0,384.5,500.0,2026-10-02,429.0,1,待賣黃,,
7750,2026-09-30,新代,1915.0,1800.0,2565.0,2026-10-02,1885.0,2,黃燈賣,2026-10-02,1885.0
2467,2026-09-24,志聖,529.0,505.0,643.0,2026-10-02,552.0,4,黃燈賣,2026-10-02,552.0
2357,2026-09-22,華碩,953.0,891.0,1030.0,2026-10-02,962.0,6,追蹤中,,
6691,2026-09-21,洋基工程,632.0,600.0,759.0,2026-10-02,741.0,7,追蹤中,,
2327,2026-09-18,國巨*,550.0,511.0,605.0,2026-10-01,602.0,7,黃燈賣,2026-10-01,602.0
3583,2026-09-18,辛耘,702.0,661.0,818.0,2026-09-29,713.0,5,黃燈賣,2026-09-29,713.0
2404,2026-09-17,漢唐,1030.0,975.0,1180.0,2026-10-02,1285.0,9,追蹤中,,
6409,2026-09-17,旭隼,877.0,838.0,1235.0,2026-09-23,883.0,4,黃燈賣,2026-09-23,883.0
2379,2026-09-15,瑞昱,703.0,656.0,780.0,2026-10-02,754.0,11,追蹤中,,
3189,2026-09-11,景碩,822.0,766.0,960.0,2026-10-02,1050.0,13,追蹤中,,
6944,2026-09-10,兆聯實業,709.0,660.0,820.0,2026-09-14,694.0,2,黃燈賣,2026-09-14,694.0
6414,2026-09-04,樺漢,395.0,366.0,522.0,2026-09-09,378.5,3,黃燈賣,2026-09-09,378.5
6691,2026-09-01,洋基工程,631.0,600.0,759.0,2026-09-04,619.0,3,黃燈賣,2026-09-04,619.0
8210,2026-09-01,勤誠,990.0,942.0,1265.0,2026-09-04,986.0,3,黃燈賣,2026-09-04,986.0
5234,2026-08-27,達興材料,302.0,283.5,347.0,2026-09-01,301.0,3,黃燈賣,2026-09-01,301.0
7799,2026-08-17,禾榮科,350.0,329.0,453.0,2026-08-19,345.0,2,黃燈賣,2026-08-19,345.0
4766,2026-08-07,南寶,326.5,307.0,394.5,2026-08-17,332.0,6,黃燈賣,2026-08-17,332.0
3034,2026-07-21,聯詠,476.0,456.0,606.0,2026-08-18,505.0,20,黃燈賣,2026-08-18,505.0
1590,2026-06-26,亞德客-KY,1360.0,1280.0,1580.0,2026-07-20,1335.0,15,跌破賣,2026-07-20,1335.0
3563,2026-06-25,牧德,706.0,677.0,868.0,2026-06-30,708.0,3,跌破賣,2026-06-30,708.0
5269,2026-06-25,祥碩,1435.0,1350.0,1660.0,2026-07-13,1510.0,11,黃燈賣,2026-07-13,1510.0
6414,2026-06-25,樺漢,373.5,353.0,412.0,2026-08-17,417.5,36,黃燈賣,2026-08-17,417.5
3017,2026-06-22,奇鋐,2420.0,2300.0,2835.0,2026-06-29,2300.0,5,跌破賣,2026-06-29,2300.0
1519,2026-06-18,華城,833.0,778.0,944.0,2026-06-24,819.0,3,黃燈賣,2026-06-24,819.0
4585,2026-06-18,達明,313.5,296.0,366.5,2026-06-26,295.5,5,黃燈賣,2026-06-26,295.5
6442,2026-06-18,光聖,1945.0,1835.0,2200.0,2026-06-24,1935.0,3,黃燈賣,2026-06-24,1935.0
7711,2026-06-16,永擎,365.0,349.5,414.0,2026-06-24,348.5,5,跌破賣,2026-06-24,348.5
