L1,H1,L2,i1,i2,k,kind,brk_days,brk_px,stock_id,name,close,vol_ratio,l1d,h1d,l2d,rng5,to_high,to_low,hold
177.5,250.0,175.0,28,32,75,B,,,8114,振樺電,178.5,0.4489933529308765,07-20,07-24,09-23,0.01680672268907563,0.40056022408963576,0.005633802816901401,-0.014084507042253502
200.5,249.5,199.5,36,41,69,B,,,8271,宇瞻,202.5,0.2153347932344724,07-30,08-06,09-15,0.01728395061728395,0.23209876543209873,0.009975062344139696,-0.004987531172069848
41.95,52.8,40.8,35,45,69,B,,,3033,威健,42.4,0.48112392034322005,07-29,08-12,09-15,0.02358490566037736,0.24528301886792447,0.010727056019070202,-0.027413587604290912
869.0,1105.0,861.0,36,43,67,B,,,6409,旭隼,886.0,0.4904950611846051,07-30,08-10,09-11,0.033860045146726865,0.24717832957110608,0.019562715765247374,-0.009205983889528202
45.7,53.1,46.25,36,47,69,B,,,2630,亞航,46.8,0.22899772142535785,07-30,08-14,09-15,0.021367521367521368,0.1346153846153848,0.024070021881837933,0.012035010940919078
45.9,55.0,44.9,35,45,70,B,,,4763,材料*-KY,47.15,0.8990841878135835,07-29,08-12,09-16,0.05938494167550365,0.16648992576882304,0.027233115468409563,-0.02178649237472763
120.0,148.0,122.0,39,45,61,B,,,1736,喬山,123.5,0.5985242186189803,08-04,08-12,09-03,0.05668016194331984,0.19838056680161942,0.029166666666666563,0.016666666666666607
170.5,196.5,173.5,35,52,67,B,,,1795,美時,176.0,0.6180503052971162,07-29,08-21,09-11,0.02556818181818182,0.11647727272727271,0.032258064516129004,0.017595307917888547
39.25,50.4,38.9,35,43,64,B,,,3704,合勤控,40.55,0.3841310661919627,07-29,08-10,09-08,0.018495684340320593,0.24290998766954375,0.03312101910828025,-0.008917197452229297
23.1,27.55,23.45,36,47,69,B,,,1810,和成,23.95,0.3006413657485752,07-30,08-14,09-15,0.031315240083507306,0.1503131524008352,0.036796536796536605,0.015151515151515138
35.0,41.55,34.9,45,60,69,B,,,4976,佳凌,36.3,0.19950606679965543,08-12,09-02,09-15,0.048209366391184574,0.1446280991735538,0.037142857142857144,-0.0028571428571428914
230.0,295.5,234.0,36,43,66,B,,,8454,富邦媒,239.0,0.6408427534795781,07-30,08-10,09-10,0.02510460251046025,0.2364016736401673,0.03913043478260869,0.017391304347825987
153.0,185.5,156.5,50,55,76,B,,,3135,凌航,159.0,0.2791864670574252,08-19,08-26,09-24,0.031446540880503145,0.16666666666666674,0.03921568627450989,0.02287581699346397
44.8,53.4,46.0,35,42,69,B,,,1536,和大,46.65,0.5178223225793824,07-29,08-07,09-15,0.013933547695605543,0.144694533762058,0.041294642857142794,0.026785714285714413
63.2,73.7,62.0,47,48,69,B,,,2634,漢翔,66.0,0.23325303895932992,08-14,08-17,09-15,0.050000000000000065,0.1166666666666667,0.044303797468354444,-0.01898734177215189
279.5,331.0,274.0,35,40,69,B,,,3413,京鼎,292.0,0.6790913771755173,07-29,08-05,09-15,0.0273972602739726,0.13356164383561642,0.04472271914132375,-0.019677996422182487
29.05,34.6,29.9,11,27,70,B,,,2105,正新,30.45,0.7784367162917015,06-24,07-17,09-16,0.024630541871921183,0.13628899835796404,0.04819277108433728,0.029259896729776136
65.0,80.9,66.4,0,14,75,B,,,9914,美利達,68.3,0.47095019523293985,06-08,06-29,09-23,0.027818448023425937,0.1844802342606151,0.05076923076923068,0.02153846153846173
29.35,34.5,30.45,38,46,67,B,,,2312,金寶,30.85,0.48005551152796866,08-03,08-13,09-11,0.022690437601296687,0.11831442463533226,0.05110732538330498,0.03747870528109032
116.0,144.5,114.5,41,47,69,B,,,2337,旺宏,122.0,0.4150577869463052,08-06,08-14,09-15,0.04918032786885246,0.18442622950819665,0.051724137931034475,-0.012931034482758674
157.5,200.0,160.0,35,43,69,B,,,3416,融程電,166.0,0.5892927244261454,07-29,08-10,09-15,0.0391566265060241,0.20481927710843384,0.053968253968254,0.015873015873015817
32.75,41.25,33.5,44,48,69,B,,,6477,安集,34.6,0.5031410077094102,08-11,08-17,09-15,0.047687861271676256,0.19219653179190743,0.05648854961832073,0.022900763358778553
69.6,84.7,68.1,50,59,69,B,,,1717,長興,74.2,0.596838704104682,08-19,09-01,09-15,0.06199460916442041,0.14150943396226423,0.06609195402298873,-0.02155172413793105
61.9,75.2,63.3,54,59,69,B,,,6269,台郡,66.1,0.39545247653111154,08-25,09-01,09-15,0.030257186081694407,0.13767019667170977,0.06785137318255252,0.022617124394184174
36.15,41.8,37.25,36,48,67,B,,,3059,華晶科,38.7,0.7060218341757785,07-30,08-17,09-11,0.02971576227390177,0.08010335917312639,0.07053941908713712,0.03042876901798075
400.0,500.0,394.0,53,60,69,B,,,6451,訊芯-KY,429.0,0.320938604702143,08-24,09-02,09-15,0.053613053613053616,0.16550116550116556,0.07250000000000001,-0.015000000000000013
59.0,69.5,57.5,39,40,69,B,,,8131,福懋科,63.5,0.7131713509433734,08-04,08-05,09-15,0.06299212598425208,0.09448818897637801,0.07627118644067798,-0.025423728813559365
162.5,213.5,166.5,44,48,69,B,,,8033,雷虎,175.0,0.3141955946321292,08-11,08-17,09-15,0.045714285714285714,0.21999999999999997,0.07692307692307687,0.024615384615384706
